1;
3;
2;
5;
0;
13;
6;
11;
9;
13;
13;
11;
6;
12;
10;
12;
9;
6;
10;
10;
9;
7;
11;
16;205
16;220
10;227
13;238
10;243
1;244
11;242
5;241
15;245
6;242
14;243
7;237
10;236
7;237
12;237
14;241
6;235
13;239
6;239
8;237
14;241
4;236
12;241
16;246
8;238
4;226
8;224
7;218
9;217
4;220
15;224
7;226
10;221
10;225
9;220
16;229
13;232
10;235
10;233
10;229
8;231
5;223
9;226
5;223
14;223
8;227
5;220
17;221
9;222
7;225
2;219
5;217
20;228
6;230
12;227
8;228
7;225
4;219
7;217
15;216
7;210
12;212
11;213
10;213
6;211
8;214
15;220
4;219
4;209
6;207
9;211
8;202
8;201
11;205
7;210
10;215
11;206
10;210
8;206
9;207
13;213
6;215
7;215
4;204
8;205
8;201
11;201
8;199
8;201
10;203
8;196
6;198
5;199
10;203
6;200
8;200
9;201
5;195
6;194
17;201
4;194
5;189
4;185
13;189
5;181
6;181
10;184
8;188
14;194
8;194
4;187
9;188
11;191
3;184
11;187
6;187
6;188
12;190
3;187
6;185
10;186
8;189
11;194
8;185
7;188
10;193
9;198
5;190
5;190
11;195
13;198
13;203
4;193
15;200
8;204
8;203
5;197
5;199
11;199
6;199
5;198
6;192
11;200
13;207
6;203
2;197
7;193
10;195
15;203
5;198
7;196
9;200
3;198
8;195
9;191
8;186
9;191
7;183
11;186
14;192
9;196
12;203
8;200
6;200
15;210
7;211
13;213
8;208
10;212
11;221
10;224
14;228
8;221
6;222
12;227
7;225
11;233
10;235
12;238
6;236
11;238
12;243
9;241
8;235
10;236
11;235
11;238
14;246
15;246
13;252
7;246
7;245
5;240
9;238
13;241
7;234
8;234
10;238
11;237
11;241
13;243
9;242
14;244
10;248
5;242
10;240
1;232
8;232
3;225
6;220
5;214
9;209
4;198
5;190
9;192
10;195
6;196
7;194
11;192
10;195
4;191
15;196
8;193
8;190
7;184
9;184
8;178
7;175
10;180
10;180
9;188
10;190
4;191
11;196
5;196
8;195
10;201
15;211
8;210
7;207
5;206
9;208
7;204
15;209
9;214
7;206
6;204
12;208
10;211
8;210
8;210
10;213
8;211
7;208
10;209
9;208
13;217
12;218
12;225
10;227
11;228
6;219
7;218
14;225
9;229
12;232
13;238
9;232
10;233
7;233
12;239
13;240
6;236
9;237
12;241
7;238
9;239
10;242
7;239
8;238
4;229
13;230
9;227
9;226
9;224
11;229
9;231
8;225
8;224
6;218
4;209
10;210
10;210
8;211
11;210
5;202
11;207
17;215
13;216
10;219
11;221
9;220
12;225
10;227
8;231
9;227
12;230
4;225
6;222
8;219
9;219
7;218
15;225
3;222
7;225
8;223
8;221
8;221
11;221
12;228
7;224
14;221
9;217
5;212
5;206
11;208
10;206
12;208
8;208
8;207
10;205
2;203
11;208
7;207
11;209
3;205
9;199
7;203
4;200
12;204
6;202
9;203
13;205
19;212
5;210
12;208
8;207
11;213
14;222
10;221
9;220
9;217
8;217
7;216
6;212
8;218
5;212
6;211
15;215
3;215
5;211
8;212
5;213
6;207
9;210
14;215
7;209
17;207
12;214
7;209
9;210
8;207
13;206
4;200
11;202
14;207
14;213
12;218
7;219
12;223
8;226
8;228
13;226
9;232
12;239
12;243
17;255
10;259
6;256
8;250
8;251
9;243
8;239
7;239
8;238
14;244
12;243
6;245
4;238
12;236
6;228
10;226
3;222
13;223
5;220
15;227
9;223
7;221
8;217
9;214
5;202
8;200
12;206
7;205
5;202
7;200
8;200
15;208
5;205
10;201
10;199
13;206
4;206
7;201
7;202
11;203
8;208
12;207
4;206
8;199
8;198
9;200
7;199
9;199
5;199
4;195
6;189
8;190
8;193
7;193
10;195
9;189
10;194
6;190
7;187
13;187
10;193
4;190
10;193
10;192
5;189
6;183
12;191
9;192
12;196
11;198
11;202
11;204
9;208
5;209
7;210
15;217
7;216
11;220
18;228
10;229
7;226
9;229
14;236
5;228
8;226
6;228
8;226
7;223
9;227
9;230
6;224
10;225
15;228
7;224
9;222
6;217
10;218
7;220
9;222
7;214
10;217
9;215
4;201
5;196
11;200
9;200
9;195
8;198
10;200
12;206
4;202
8;203
12;206
11;208
12;214
7;211
10;206
9;208
4;203
19;216
5;211
2;206
6;203
5;201
2;193
8;192
3;191
4;190
7;186
10;187
11;189
10;191
2;183
3;174
9;179
12;183
9;180
6;175
11;174
10;177
8;175
7;173
8;177
15;173
10;178
10;186
12;192
6;193
11;202
4;198
6;201
4;201
18;212
8;210
9;208
6;204
8;210
7;214
11;216
10;214
13;218
7;219
10;218
7;215
11;218
11;222
5;219
4;208
7;205
10;205
12;205
12;211
11;211
13;220
8;222
9;227
14;223
11;226
12;229
6;229
7;228
9;230
8;227
4;221
6;214
12;219
14;223
13;229
8;226
12;227
7;229
6;231
4;228
12;230
9;227
13;228
14;231
6;224
10;226
7;224
11;221
7;217
12;217
7;218
12;223
9;223
8;223
3;222
9;225
7;220
7;213
7;207
8;207
6;201
12;206
7;207
7;210
8;206
10;207
11;205
5;196
13;203
8;201
10;204
11;204
14;211
4;203
9;205
5;198
14;203
8;203
16;216
20;227
10;230
7;230
9;232
9;233
8;235
8;231
9;233
7;233
9;234
6;230
10;229
8;232
7;226
15;233
7;230
9;228
11;225
8;229
8;228
6;229
11;226
7;225
7;216
12;208
7;205
12;210
8;209
4;204
4;200
8;200
12;203
11;207
4;202
14;210
9;209
10;211
8;212
6;203
13;209
6;206
6;201
5;198
6;196
10;200
9;198
7;198
15;206
15;209
4;206
13;207
9;208
11;215
8;219
10;221
8;217
13;219
11;226
5;217
8;216
7;213
15;220
7;221
6;214
8;216
8;218
3;216
10;220
11;221
12;224
9;226
8;219
9;213
5;214
10;211
12;214
10;213
11;216
16;222
4;218
6;211
5;205
6;206
9;207
4;204
10;199
5;197
10;201
8;201
12;205
8;210
8;208
10;207
7;202
8;201
5;198
5;194
9;198
10;198
9;195
5;190
5;184
5;173
15;184
7;185
11;191
4;189
11;191
7;194
9;193
12;200
9;199
14;205
10;203
9;204
7;203
8;201
6;200
10;202
12;209
11;215
12;218
9;217
7;215
12;222
6;223
10;228
5;218
8;219
11;219
6;221
8;218
13;224
12;227
11;226
11;228
8;222
7;219
6;216
8;217
8;217
7;218
6;214
16;218
12;219
15;222
8;221
6;220
9;217
12;223
10;223
10;228
6;226
6;221
11;226
7;225
8;220
13;221
15;225
10;224
9;225
8;226
8;228
7;227
11;230
9;232
8;234
5;223
9;220
8;213
16;221
14;229
8;228
5;221
8;219
10;219
12;225
8;227
11;227
12;232
8;232
11;230
8;223
6;219
7;217
4;213
8;213
6;212
9;210
10;211
7;210
12;217
3;211
5;208
14;206
16;208
4;204
5;204
4;200
9;199
7;194
10;196
9;194
14;196
3;191
10;190
9;191
4;189
8;190
12;198
4;194
7;195
7;193
5;188
8;189
11;188
15;200
10;205
6;197
9;190
16;202
9;206
8;210
9;210
9;212
10;212
12;215
7;208
12;217
10;217
4;212
14;222
7;221
9;218
9;223
5;221
6;220
4;219
11;222
10;221
8;214
15;219
10;223
9;223
10;217
12;220
7;219
4;214
6;211
7;208
12;208
11;212
8;208
7;205
7;208
14;208
10;211
12;214
9;214
8;217
9;220
12;228
12;229
11;230
12;234
3;222
8;220
8;219
4;213
7;208
9;210
8;214
10;218
9;220
9;217
11;217
8;217
16;226
13;232
13;231
15;236
3;227
8;226
13;231
8;230
12;230
6;224
9;222
5;215
10;222
9;223
7;222
10;228
8;229
6;226
7;225
10;225
7;223
8;222
2;213
5;210
8;202
4;193
18;198
6;189
7;193
9;194
5;186
6;184
3;175
9;178
9;178
14;187
13;190
11;192
5;190
9;189
11;192
11;197
11;201
6;197
7;197
7;196
14;208
11;214
11;217
12;225
7;214
9;217
13;223
6;220
9;224
10;228
13;238
12;241
8;240
13;239
6;232
10;231
4;230
8;229
10;228
4;221
15;225
7;226
15;234
14;241
9;236
6;231
11;231
11;230
9;232
13;236
8;231
5;230
8;229
10;229
6;222
7;217
5;214
9;210
17;221
7;218
15;229
4;225
10;225
11;232
7;224
13;230
13;228
6;220
8;219
4;217
14;220
10;219
10;220
12;219
5;216
12;223
8;223
9;222
11;227
8;228
14;237
7;235
6;224
10;227
8;220
8;224
4;218
5;212
7;212
9;208
13;208
10;212
5;209
3;208
8;202
17;209
4;203
9;200
6;201
6;195
8;195
14;200
12;201
4;197
11;194
9;196
3;193
8;191
7;190
8;190
10;196
4;195
10;198
10;199
6;192
7;189
6;190
8;195
16;203
9;195
3;194
15;200
7;201
9;204
11;207
9;202
16;206
11;213
6;208
7;206
13;216
11;219
7;219
13;224
13;227
9;232
4;226
11;227
11;232
13;238
5;237
7;236
7;227
4;222
12;231
7;223
4;220
12;223
12;224
8;223
14;221
9;219
7;220
9;222
8;217
10;216
10;219
8;214
9;210
9;210
9;215
8;212
10;211
5;203
4;202
10;205
9;207
10;213
8;209
3;205
17;218
9;215
11;214
3;209
8;203
6;200
12;205
7;203
10;205
15;210
6;206
10;208
7;206
7;204
10;205
14;211
8;209
7;211
5;212
9;211
5;207
8;205
6;203
6;206
10;199
9;199
6;194
11;202
5;199
13;206
14;208
11;212
6;208
9;202
6;202
6;198
9;200
11;204
9;203
10;199
9;200
12;205
15;215
10;216
15;226
12;230
9;233
7;234
8;232
9;232
17;243
14;246
5;246
7;240
8;234
10;233
11;238
9;238
9;241
5;240
10;241
10;240
8;239
6;235
13;239
10;237
12;234
3;227
11;223
5;216
6;213
4;210
9;211
7;209
7;199
13;198
8;201
8;202
11;205
4;199
7;195
4;190
9;190
9;194
12;196
9;195
7;194
7;195
13;195
9;194
9;191
13;201
5;195
11;201
8;203
5;204
8;203
8;204
11;208
8;203
10;205
6;203
14;206
9;211
8;212
13;221
2;214
15;220
6;214
10;215
7;215
9;217
6;210
4;205
7;203
13;203
3;201
8;198
5;195
13;203
9;204
9;205
10;204
5;201
6;197
11;202
8;196
1;188
14;194
5;186
6;190
7;182
10;186
5;181
11;185
10;186
9;189
6;191
9;193
6;186
9;192
8;192
21;208
14;209
4;204
8;203
8;201
8;204
18;216
13;218
8;218
11;228
9;223
5;223
5;222
10;225
7;222
10;227
10;226
5;221
14;226
11;231
8;230
11;235
5;231
12;235
11;225
12;223
9;228
11;231
13;236
8;236
7;225
17;229
9;230
11;230
8;229
7;231
12;238
11;239
10;242
8;240
7;237
6;238
7;231
14;234
15;241
9;239
6;240
10;238
11;238
8;234
7;232
12;233
9;229
13;234
11;238
7;228
7;226
8;223
12;227
7;227
10;225
13;227
6;223
9;224
6;223
6;223
4;220
13;219
8;212
4;207
12;213
13;216
14;219
5;216
12;221
12;221
12;224
8;219
15;223
11;227
13;233
8;233
8;229
8;230
12;232
6;225
10;229
3;223
8;225
12;231
14;241
6;234
3;229
11;236
9;233
8;228
8;222
5;222
12;222
10;220
14;222
7;221
8;214
9;212
16;215
8;215
11;218
6;216
7;211
7;212
8;210
2;209
5;206
17;211
9;206
5;205
12;214
10;213
14;218
14;224
8;224
9;228
6;222
3;215
8;209
7;209
7;208
6;205
12;201
13;206
7;202
14;210
10;213
12;218
6;216
11;225
9;229
10;222
11;224
11;230
6;224
12;226
14;226
8;220
12;224
2;217
10;221
10;228
13;233
3;229
6;228
4;226
8;222
12;221
9;223
9;218
16;224
12;224
8;226
9;224
13;228
8;226
7;222
5;216
10;220
5;213
6;205
10;207
8;203
11;212
13;215
14;219
7;213
7;217
14;225
10;231
9;232
10;230
14;235
9;235
14;233
11;232
6;230
10;231
5;223
5;220
11;224
10;229
9;228
9;232
11;237
16;243
8;243
8;240
2;229
8;223
9;225
5;223
11;220
8;218
8;217
5;212
11;209
9;209
3;198
7;194
8;196
5;191
11;197
6;198
6;193
14;197
12;200
10;201
12;202
9;195
13;200
13;205
8;211
10;213
8;212
10;217
4;210
7;209
9;210
11;216
18;223
8;222
8;227
8;228
6;226
5;226
12;227
13;234
17;245
10;241
10;239
9;238
6;232
8;231
10;228
12;227
8;227
18;235
8;235
13;238
10;244
12;249
9;249
7;245
5;232
10;234
6;232
9;233
10;237
8;240
12;240
6;233
10;226
7;223
8;221
16;228
7;229
7;228
5;223
10;221
10;223
8;213
10;215
3;205
7;202
13;203
9;203
7;203
8;206
8;204
12;210
7;208
13;211
8;211
10;209
4;207
14;211
4;208
10;210
8;202
11;206
5;204
11;210
3;203
6;199
11;202
6;198
11;206
5;204
7;198
6;195
10;198
8;198
4;194
14;196
4;193
8;188
8;188
10;188
13;197
11;194
14;204
15;209
12;213
11;213
4;212
7;208
5;210
6;210
9;208
11;213
10;212
9;216
8;217
2;213
9;212
11;215
15;226
9;221
8;225
7;224
15;231
6;227
11;225
6;220
5;211
13;209
10;207
9;205
8;209
4;206
8;209
19;222
12;225
8;222
19;231
6;228
12;232
8;238
8;237
3;229
8;222
8;221
13;226
9;228
6;219
7;220
8;217
5;216
5;216
5;208
3;201
16;208
15;215
6;217
4;213
7;201
3;192
11;195
8;184
6;184
7;179
7;178
16;186
8;191
7;190
13;195
6;188
10;189
8;191
9;193
10;195
12;202
17;214
6;215
8;220
12;216
5;206
5;205
3;204
5;202
9;208
17;214
13;219
8;221
4;218
18;229
10;223
10;225
8;226
7;220
8;222
8;220
11;223
8;222
8;220
7;215
8;206
9;209
10;211
8;207
16;218
7;220
11;228
11;234
5;230
8;221
9;217
9;218
6;220
7;209
10;209
12;211
7;210
11;214
9;215
4;211
9;209
13;214
5;211
8;212
6;210
6;207
8;205
8;205
11;200
12;205
10;204
10;203
12;210
7;209
12;212
5;208
15;217
9;219
7;216
6;210
11;214
10;213
9;213
7;216
10;217
11;215
16;226
14;232
5;231
8;233
5;230
9;231
14;234
8;230
13;233
14;237
4;229
6;228
2;218
6;219
12;216
7;214
2;209
9;212
9;210
10;210
9;210
11;214
5;209
8;206
7;197
11;194
13;202
11;205
4;204
6;201
3;190
13;195
13;195
15;196
11;203
8;205
8;211
13;218
8;214
11;218
10;226
7;224
11;226
6;222
7;220
13;222
4;221
4;217
7;217
9;215
9;211
11;211
13;220
12;226
11;234
1;222
12;221
5;211
6;206
14;212
10;214
5;206
12;210
15;214
12;216
10;219
11;219
10;223
15;231
13;231
8;235
9;240
8;241
10;242
11;244
7;240
15;242
11;241
8;238
11;248
6;242
10;247
9;250
5;241
10;241
11;247
6;241
6;232
8;228
12;230
14;233
7;230
9;224
10;221
12;225
12;228
6;226
13;229
7;225
14;232
5;222
9;220
15;227
8;224
7;225
4;219
9;219
9;223
6;219
13;221
9;224
13;231
11;234
7;229
7;222
8;223
7;221
12;223
7;218
6;212
11;217
11;215
13;221
7;214
11;220
14;225
14;224
9;225
3;221
8;225
2;218
15;224
13;231
10;228
6;225
12;224
11;224
13;230
6;229
3;224
15;232
7;227
9;229
11;234
11;234
7;230
8;225
9;227
11;227
6;219
8;213
4;208
10;215
8;215
8;221
8;214
13;214
6;210
13;217
9;214
8;211
9;207
4;205
6;208
6;199
6;198
14;203
10;202
13;204
8;205
11;208
13;212
5;206
12;212
9;213
10;219
8;217
14;223
12;227
6;225
14;226
7;227
5;219
6;216
12;220
11;222
8;226
4;224
8;226
11;231
8;225
13;228
14;229
3;224
9;222
6;215
8;218
5;211
6;208
10;208
9;209
9;204
9;201
5;200
4;190
8;191
9;195
13;202
8;198
11;198
10;200
13;209
7;208
10;207
6;205
8;200
2;188
8;193
11;195
10;199
6;197
14;206
9;209
5;204
10;205
12;208
11;210
10;215
11;222
0;214
7;212
4;203
4;199
11;199
9;198
11;196
11;200
12;202
13;209
10;211
6;215
11;218
14;221
6;217
11;222
14;222
10;223
9;227
3;220
9;217
5;211
13;214
3;206
4;210
9;212
6;214
9;219
6;214
8;213
8;210
9;208
9;205
9;201
7;198
8;200
10;199
7;192
13;199
15;203
14;203
10;203
8;202
6;205
7;203
8;206
18;211
7;215
8;219
14;224
9;227
4;222
12;228
7;227
7;226
10;227
11;229
5;225
5;223
3;218
11;219
6;218
9;214
8;207
15;208
4;202
4;198
13;205
10;208
9;209
12;203
9;205
10;207
8;201
11;203
4;203
8;199
11;203
8;204
6;200
15;204
18;217
12;224
12;233
5;227
9;230
14;235
12;239
7;231
11;238
8;242
16;245
8;243
12;246
6;240
9;240
2;232
6;230
16;235
7;238
9;239
6;234
11;237
9;240
10;235
11;228
13;229
11;228
11;234
7;232
9;227
9;224
6;223
8;220
13;225
12;221
6;219
15;222
7;223
7;221
13;232
4;230
10;224
10;227
8;226
9;229
9;227
5;223
11;224
7;220
9;216
10;215
12;216
8;217
10;218
9;218
10;222
12;226
8;221
8;217
10;221
8;214
4;211
9;213
5;205
7;208
9;207
5;202
15;209
5;205
8;204
11;210
9;208
9;210
13;214
7;211
9;208
11;211
7;208
6;205
9;204
8;200
8;200
10;202
11;203
6;201
3;200
14;205
8;208
11;212
6;209
9;213
10;208
10;213
7;212
6;207
8;206
10;207
11;205
11;209
11;211
11;211
9;213
7;214
11;216
11;219
14;225
5;220
11;220
10;224
6;227
5;218
12;222
9;220
7;221
9;221
14;225
12;227
18;238
6;238
10;240
5;235
10;234
12;235
9;233
9;231
8;230
10;233
8;230
9;228
9;223
12;230
12;231
8;229
7;230
5;230
3;221
13;225
12;230
8;229
11;226
11;225
10;217
10;221
4;215
10;220
6;216
11;215
9;215
16;222
10;224
7;221
9;222
6;219
5;215
14;217
11;216
15;223
9;225
9;229
15;241
15;243
14;245
10;247
4;240
12;241
7;238
4;232
5;233
17;240
4;238
6;233
13;237
8;229
9;228
7;228
14;233
4;231
7;233
15;234
10;233
7;225
15;231
2;224
11;220
8;213
11;210
17;217
7;220
8;216
5;214
10;220
7;222
4;209
11;216
6;216
13;216
11;219
10;220
6;219
7;212
13;221
11;225
5;215
11;216
10;219
9;213
6;217
9;215
9;216
9;214
10;207
8;208
7;207
17;219
12;221
12;226
14;236
2;227
3;224
14;225
10;224
11;225
14;233
10;236
8;231
5;225
12;232
7;228
2;220
13;224
9;227
16;234
7;232
10;233
6;229
11;232
7;232
6;221
13;222
8;218
7;211
9;218
10;225
7;218
9;217
9;215
11;212
13;215
15;222
12;229
7;224
14;231
4;233
5;225
8;224
9;217
9;219
16;225
9;228
7;224
10;227
8;229
11;227
11;230
6;229
11;231
7;228
10;231
5;227
8;226
5;220
11;218
10;213
11;212
7;212
15;213
11;220
14;229
8;229
6;226
10;227
8;219
9;219
14;226
10;226
5;223
7;219
9;217
8;219
8;216
10;219
9;218
9;222
9;223
15;233
10;232
13;235
14;238
4;235
7;227
6;222
11;219
2;213
9;216
8;214
7;213
4;208
6;200
6;196
6;197
6;196
9;196
13;201
9;202
7;199
13;203
6;200
10;201
6;192
10;192
11;190
13;189
9;194
6;193
5;192
14;195
5;198
5;194
6;192
6;191
7;194
15;203
5;202
20;216
17;227
6;224
12;223
9;223
7;223
16;226
4;224
12;226
10;230
8;228
13;230
11;228
7;226
8;228
15;238
7;231
10;236
11;242
12;248
13;255
12;260
3;248
8;251
17;248
11;242
13;249
8;245
9;245
15;253
9;246
8;250
7;245
4;239
15;246
8;241
2;232
6;231
6;229
10;224
10;227
4;221
11;221
4;213
2;202
10;200
7;204
9;205
9;197
7;193
7;187
9;188
10;189
12;186
12;189
9;190
12;195
4;195
9;189
11;192
8;198
6;198
13;205
4;199
16;205
5;206
6;201
11;208
11;217
13;220
13;226
10;227
5;223
10;226
10;229
8;228
12;230
4;222
13;223
9;223
9;220
14;230
7;228
6;223
12;227
6;227
8;222
10;228
11;223
7;225
8;227
8;224
10;223
3;213
5;205
7;202
9;206
6;202
8;200
5;197
14;199
14;209
13;209
11;211
9;211
7;204
14;211
14;219
7;214
6;214
5;211
16;217
11;217
7;217
6;215
6;213
12;215
10;222
11;228
11;232
6;229
9;232
17;241
12;248
2;236
6;228
12;227
13;229
12;232
7;232
7;225
3;214
8;215
11;220
6;221
12;217
14;220
7;220
16;230
8;232
8;228
7;225
12;226
7;222
9;225
7;223
7;213
7;208
15;221
12;227
9;224
9;220
12;220
9;222
8;223
7;227
10;229
13;231
11;236
11;235
8;229
11;233
13;230
18;240
13;245
4;242
14;244
10;247
12;250
3;246
5;244
13;250
6;241
10;239
11;241
5;237
9;234
6;231
14;237
12;242
10;242
8;237
12;238
3;230
16;238
9;236
15;238
15;235
9;231
12;239
6;231
15;236
13;237
9;243
10;248
10;245
9;248
16;254
8;251
13;259
5;255
13;262
4;252
9;249
11;250
8;250
10;248
13;258
10;252
13;256
10;251
8;244
7;242
5;235
13;242
10;237
11;235
13;239
12;241
6;237
9;237
10;231
15;238
2;227
13;235
9;231
9;236
11;238
7;234
14;240
12;242
8;237
11;238
14;239
8;237
4;233
9;235
13;243
12;242
6;238
10;237
13;237
4;229
11;234
9;234
7;231
5;221
10;229
13;229
8;228
6;225
10;224
15;232
9;227
6;221
7;220
10;219
16;221
13;226
5;227
6;224
12;223
7;218
15;227
13;230
7;224
13;233
10;232
8;231
12;236
14;245
11;246
7;240
12;244
8;246
12;248
18;251
9;251
7;252
4;249
10;249
9;242
11;240
13;248
11;253
8;249
7;249
7;241
7;235
10;238
13;238
6;234
12;238
9;235
6;227
9;225
10;228
14;230
15;237
7;232
5;219
10;220
11;224
9;229
9;228
14;233
11;233
11;231
5;225
7;224
3;220
12;225
5;223
8;221
14;222
13;229
15;232
6;229
11;234
19;244
19;253
13;252
8;245
15;253
8;256
6;252
10;251
10;252
12;255
7;248
7;244
11;244
6;245
9;247
10;254
15;257
8;260
10;262
7;255
8;250
10;245
12;251
17;257
6;244
10;235
13;235
13;240
9;234
7;233
8;235
9;234
15;239
13;240
9;242
18;253
7;249
6;249
11;251
13;254
7;246
7;245
6;241
6;240
6;238
5;233
11;232
14;229
11;234
5;229
11;227
12;226
12;229
5;227
12;231
9;231
7;223
11;221
7;219
13;214
8;215
12;221
9;219
7;213
12;218
4;215
10;219
10;223
13;230
17;242
10;241
8;235
18;242
9;246
9;244
18;250
10;248
6;249
11;248
7;246
9;248
6;243
4;240
9;236
10;238
12;238
4;233
5;231
7;226
5;227
8;225
8;223
8;218
19;220
14;224
10;226
7;215
10;216
7;214
4;200
4;194
5;193
12;194
12;199
7;197
11;202
7;205
11;207
11;208
4;200
7;203
9;207
6;206
9;210
9;211
10;213
9;214
7;202
12;200
8;198
6;197
13;200
11;204
4;204
5;205
10;210
7;205
16;209
11;213
4;206
8;207
15;211
11;211
9;216
5;214
11;216
4;214
11;216
7;214
4;208
6;205
5;203
11;202
11;205
11;210
8;205
8;202
8;206
8;209
8;207
7;207
7;198
4;191
4;191
12;195
13;193
7;189
10;190
10;195
8;192
12;200
14;203
12;208
14;218
13;225
13;233
14;236
10;235
12;236
14;242
9;243
15;250
5;247
10;249
8;250
6;249
17;262
10;268
9;265
10;262
12;267
8;265
9;264
6;262
14;264
8;258
7;253
3;242
11;240
8;235
9;230
15;235
11;234
12;232
14;237
9;231
10;236
14;240
7;239
4;237
15;235
13;238
9;238
10;238
8;234
8;234
8;233
5;232
7;225
5;222
13;228
13;238
17;244
7;243
5;239
6;230
17;236
10;234
11;231
7;229
10;229
8;223
7;223
8;227
5;217
7;211
8;210
11;211
8;211
13;216
17;225
11;231
19;243
9;247
11;245
8;240
11;234
9;236
6;237
17;248
9;240
10;240
13;242
10;245
6;241
7;240
10;243
10;245
4;244
9;246
19;257
12;258
6;256
8;251
10;244
15;248
7;236
8;235
8;232
7;231
5;225
9;225
10;229
12;224
15;230
6;226
11;224
7;221
8;223
8;224
7;221
17;228
10;234
3;228
12;221
9;218
10;222
9;223
8;221
9;215
7;215
7;214
8;214
9;216
8;219
13;223
9;222
10;220
11;216
12;222
9;220
6;219
8;219
13;224
14;231
10;224
7;221
12;230
8;226
14;231
4;225
9;225
8;225
7;223
10;226
4;223
15;230
11;232
3;227
8;222
3;216
4;210
8;207
11;206
12;209
14;217
9;218
9;214
12;212
8;210
8;211
6;205
8;205
12;203
16;215
10;216
13;221
13;227
11;228
8;232
11;228
6;223
6;226
7;225
5;227
12;235
12;239
6;234
15;237
7;230
12;233
9;233
18;239
4;235
12;239
7;240
10;242
10;240
12;236
8;234
8;229
4;220
11;220
11;223
8;220
8;222
8;224
3;220
16;231
7;226
15;229
10;233
8;226
12;231
3;222
6;219
13;214
4;214
8;210
9;212
10;212
12;214
14;216
12;220
10;222
9;227
9;225
9;223
10;225
6;223
16;231
5;233
4;221
11;225
10;220
7;217
4;213
10;211
9;217
10;221
17;225
12;233
5;230
8;229
9;228
8;224
13;223
8;219
8;217
7;215
8;214
6;211
7;208
12;214
8;206
13;214
12;222
5;216
10;216
10;219
15;230
9;229
3;223
11;224
6;213
9;210
11;216
6;214
10;215
8;215
9;211
12;215
8;215
7;215
12;219
1;214
8;215
5;208
12;212
11;210
6;204
7;206
9;205
8;203
12;200
4;195
9;201
10;200
11;205
11;207
10;206
17;217
8;215
8;215
10;216
3;207
11;210
14;217
13;218
10;227
13;232
5;232
9;229
9;227
10;231
2;226
10;227
13;232
6;226
7;229
11;231
6;227
8;224
8;221
17;228
11;222
8;222
9;223
10;223
11;231
6;226
6;218
6;211
4;205
9;201
7;203
18;212
7;210
5;205
12;215
13;218
11;216
6;216
18;227
9;225
14;233
4;229
7;228
12;223
9;221
8;221
10;222
12;224
11;224
12;230
7;231
9;234
9;239
9;239
10;242
21;245
11;249
14;258
13;259
8;254
9;252
8;254
6;242
22;255
2;243
10;249
4;246
10;244
9;244
9;245
19;254
13;255
5;249
4;241
10;244
7;242
12;245
14;250
12;252
8;239
10;238
7;231
9;227
6;225
5;221
11;224
14;232
12;222
6;226
10;226
10;232
18;240
3;234
11;236
2;219
13;219
12;226
4;226
5;221
12;226
8;222
4;212
12;212
9;213
13;216
3;212
14;217
7;218
17;230
10;229
12;227
4;219
8;221
11;222
10;222
7;211
7;215
7;211
6;215
9;211
9;208
13;217
6;218
8;214
8;214
7;217
14;219
8;218
8;213
7;217
10;213
10;216
6;205
8;203
11;202
12;210
9;211
8;208
8;206
4;203
9;205
7;205
6;205
11;207
12;210
11;208
14;216
12;220
7;219
7;219
16;221
5;218
21;231
9;233
4;227
13;230
8;232
9;233
13;235
12;235
8;234
9;235
8;235
12;243
11;245
11;249
10;253
5;247
8;243
9;241
11;238
7;233
10;236
9;238
10;232
4;231
9;219
13;223
9;228
16;231
11;234
12;237
9;233
3;224
14;230
4;225
13;230
11;229
6;224
7;220
16;226
8;229
7;228
7;226
3;218
9;220
8;218
11;220
8;218
11;225
14;230
15;232
8;231
11;226
11;226
10;224
7;222
7;226
9;221
8;225
6;218
4;211
8;213
11;217
9;210
5;207
11;211
10;214
8;219
11;221
10;223
5;217
9;218
9;216
8;210
10;205
9;206
8;203
9;201
7;198
10;201
10;204
6;201
10;203
8;205
6;207
8;207
14;210
10;211
8;214
11;214
6;210
12;214
12;215
9;214
9;218
5;214
11;216
8;216
3;209
11;211
12;215
8;214
14;221
15;226
5;221
11;226
5;221
10;223
12;229
6;227
7;220
12;222
10;224
8;221
5;220
4;212
11;211
4;206
9;206
7;208
11;208
8;208
7;212
4;205
11;204
5;201
12;199
12;196
8;199
6;194
9;198
9;197
6;191
8;193
12;198
16;202
14;206
10;208
8;211
8;215
6;210
15;221
11;223
7;223
9;221
9;222
5;220
13;229
7;225
12;232
13;233
10;231
17;240
13;247
9;247
7;245
6;245
7;244
5;237
4;225
8;219
7;216
10;218
8;218
5;217
6;208
8;205
12;210
10;211
12;214
7;216
10;213
3;209
12;209
8;204
10;204
9;196
10;193
17;201
6;200
13;207
15;215
6;216
6;218
15;225
10;228
8;226
7;225
9;229
15;238
14;244
10;242
10;242
9;239
9;241
8;239
10;246
7;241
16;249
9;248
4;243
7;240
8;231
8;233
9;229
13;227
13;234
13;241
15;241
11;242
8;242
10;245
9;245
11;241
17;244
9;243
11;244
10;245
8;244
11;247
8;245
8;246
12;242
8;241
10;247
15;255
9;256
16;264
14;269
9;265
10;262
10;259
7;251
4;244
12;248
9;247
6;244
10;243
5;231
8;230
8;227
10;227
8;227
11;227
10;229
7;228
13;229
11;232
5;227
13;225
13;229
14;227
12;225
8;224
8;222
11;223
7;223
10;229
7;224
11;226
9;229
9;228
11;234
6;232
9;233
6;229
17;238
9;236
12;238
9;240
11;238
11;238
12;245
6;238
15;240
7;233
11;232
11;235
8;235
7;231
6;230
8;228
13;234
11;234
12;237
5;233
10;232
10;236
12;239
7;240
8;231
16;238
12;238
13;242
6;237
15;241
9;238
10;242
4;231
11;235
5;229
9;227
4;223
6;222
14;230
12;234
2;223
12;224
14;226
8;229
6;225
8;223
9;220
10;223
7;222
14;220
10;218
17;222
8;224
3;212
9;212
7;209
8;213
6;208
4;207
15;213
15;224
8;226
7;219
8;215
9;222
18;228
8;222
8;222
11;227
7;226
8;225
10;225
11;229
11;226
7;223
11;217
8;217
10;224
14;229
15;237
11;240
10;244
14;254
9;248
12;245
8;245
8;246
10;248
10;249
8;239
5;236
7;235
10;234
8;235
21;248
13;251
8;248
10;247
12;252
12;253
12;257
12;259
8;253
13;251
10;250
6;246
10;242
10;243
12;243
8;243
2;237
12;239
7;236
9;237
9;241
7;241
16;247
11;250
9;238
7;232
6;230
10;230
10;228
15;231
10;229
8;225
4;221
6;214
14;218
7;219
5;214
7;211
5;204
4;200
9;207
11;206
12;211
8;210
5;206
13;212
11;207
13;209
13;213
8;214
13;221
3;214
10;214
7;206
11;207
10;209
7;212
12;218
5;209
13;215
18;228
11;232
11;238
9;243
18;252
9;250
9;247
5;244
8;247
12;246
7;242
5;234
2;223
9;224
9;220
14;231
14;235
9;237
6;232
13;235
3;231
12;231
12;238
9;234
9;225
10;224
8;221
11;223
8;213
9;213
10;214
8;217
6;215
8;211
16;220
9;224
13;235
15;241
13;245
9;240
13;239
9;239
8;241
11;239
7;243
8;239
9;236
12;239
8;238
11;239
9;240
11;240
8;240
4;235
13;238
11;241
12;247
12;251
10;245
9;245
10;242
6;233
12;232
8;231
3;221
12;224
7;223
9;221
11;225
6;223
10;224
10;222
6;220
4;213
6;210
5;204
10;206
13;215
11;213
9;211
12;211
11;210
5;205
12;208
7;205
8;207
7;202
10;204
11;212
12;212
8;213
9;213
14;216
9;219
13;222
10;222
9;225
8;229
11;234
5;234
7;231
10;228
12;229
7;227
8;223
9;221
8;224
7;219
11;223
5;220
11;224
9;223
6;218
9;215
6;213
8;212
18;216
5;212
6;205
10;205
12;208
7;207
8;204
11;210
10;213
5;208
16;212
8;213
6;211
15;217
14;223
8;224
17;230
6;231
6;226
10;227
7;228
13;232
3;229
18;239
9;230
10;235
13;242
7;239
6;233
6;232
4;228
21;238
9;237
6;238
11;233
5;230
10;234
17;236
12;234
9;235
7;225
6;225
3;222
12;224
6;223
8;218
8;223
10;215
13;219
8;217
13;217
6;216
8;218
8;220
16;232
8;219
17;227
6;227
9;225
7;227
9;226
15;224
19;231
11;233
6;232
11;237
5;239
7;234
12;240
5;237
10;239
11;240
8;235
8;235
9;231
11;236
8;236
12;240
15;239
10;241
11;235
9;238
9;238
7;238
6;235
12;232
12;225
7;221
7;222
9;220
13;228
9;230
15;233
5;233
9;232
12;233
12;237
4;233
15;239
10;238
15;245
13;246
14;245
17;252
6;247
6;244
9;244
12;249
8;251
5;244
12;244
8;245
6;244
4;239
15;241
8;240
9;234
5;234
11;236
13;237
5;230
4;230
10;225
11;226
7;218
6;211
7;204
5;192
7;193
6;193
5;189
6;183
10;185
11;191
8;187
6;185
12;191
7;194
12;191
9;192
14;197
12;204
11;204
8;199
2;196
9;201
10;201
7;197
10;200
11;205
11;209
12;216
13;222
4;220
5;220
7;221
7;218
8;215
7;214
10;218
13;219
7;219
6;213
5;209
7;202
9;199
11;199
10;201
5;204
17;212
9;211
12;216
5;211
22;222
5;216
14;218
13;218
6;220
10;225
15;233
5;231
10;233
6;232
15;237
11;235
12;240
14;248
6;249
11;253
11;255
10;254
7;251
11;257
7;247
8;246
10;244
17;256
17;251
4;250
7;243
8;238
3;235
12;237
7;229
6;230
9;229
7;230
7;222
11;222
14;224
9;219
14;227
9;225
5;219
10;219
5;217
4;210
9;212
10;214
11;215
10;208
9;200
12;208
5;206
10;208
16;221
7;216
12;221
1;216
6;213
13;219
6;218
8;215
8;209
7;207
9;202
10;203
4;202
6;198
11;204
7;207
12;210
14;214
9;212
10;212
4;207
8;203
10;208
9;207
9;200
10;203
8;199
11;209
7;210
10;207
5;206
8;206
15;213
13;219
9;219
8;217
8;221
8;223
10;222
5;220
7;215
9;210
11;212
5;207
10;213
6;211
4;205
14;210
9;210
5;205
10;207
12;208
8;209
5;204
8;207
6;205
16;206
12;205
6;202
8;202
7;201
14;207
13;210
2;207
6;206
8;205
13;207
9;211
6;207
10;211
13;220
7;213
8;212
8;215
10;215
10;213
5;210
11;216
7;215
11;220
7;211
7;206
8;208
7;207
4;204
13;203
10;200
8;206
10;210
7;209
13;209
14;214
15;223
16;229
11;227
9;229
11;232
9;233
13;236
11;237
5;237
12;238
14;245
13;247
11;251
15;259
9;260
6;259
10;265
12;264
3;257
9;258
10;258
15;266
10;263
11;260
8;253
10;247
5;241
12;244
14;247
13;251
3;241
4;234
12;241
10;239
4;229
9;225
4;218
13;216
8;215
10;219
7;216
10;214
10;221
12;224
10;224
7;216
11;217
13;219
14;225
17;232
5;232
8;228
9;223
11;221
14;232
9;237
7;232
7;229
12;237
14;242
5;243
11;241
10;243
7;240
13;246
5;241
9;240
15;243
4;237
13;243
13;245
13;245
13;244
13;240
10;245
9;246
12;249
5;243
9;238
12;241
9;243
9;245
16;249
12;247
9;251
8;248
12;250
11;254
16;257
13;265
5;261
12;258
14;268
12;267
8;262
8;257
7;251
13;251
12;253
15;259
11;258
9;262
5;258
9;255
12;258
5;254
8;246
15;249
11;251
9;252
7;247
6;242
7;233
9;229
4;228
6;222
12;220
12;220
8;220
7;219
8;220
16;223
9;220
6;211
8;208
6;205
8;208
10;209
9;206
7;208
14;214
7;206
13;208
8;207
5;205
7;206
9;208
6;205
12;213
10;217
8;213
7;208
11;211
6;210
13;215
9;208
6;205
7;206
6;204
11;209
11;212
13;215
4;210
8;211
7;204
12;209
9;205
6;203
13;211
11;215
8;214
7;215
12;215
13;218
14;224
10;227
11;227
10;231
7;225
13;229
7;230
13;236
7;237
15;241
8;238
3;228
9;233
7;232
13;238
9;235
6;232
1;227
11;225
9;223
6;221
12;226
11;225
12;224
9;219
15;224
9;222
7;219
7;219
16;222
7;222
6;215
9;217
8;210
8;210
11;218
12;221
5;219
8;214
10;215
10;219
4;222
10;221
9;221
6;221
8;217
11;217
11;216
8;215
4;204
4;199
6;198
13;204
6;194
11;198
15;207
10;208
6;206
12;210
9;208
13;209
11;215
8;215
20;225
5;220
8;224
10;224
14;229
10;233
8;233
12;234
5;228
11;231
11;238
6;240
8;242
6;235
8;237
4;230
13;228
14;232
8;234
6;228
15;234
10;231
10;230
11;233
8;221
10;226
5;223
6;219
8;213
8;211
8;211
8;207
6;208
14;211
7;207
2;203
11;206
12;212
12;216
7;219
9;215
5;206
9;207
9;210
13;208
11;209
12;211
11;211
7;210
8;208
8;211
6;211
7;210
13;215
9;216
11;219
6;219
10;215
13;221
17;236
10;235
11;234
9;231
7;231
8;230
9;234
8;233
3;227
6;220
12;221
10;219
13;221
10;224
11;227
6;225
5;224
4;221
17;225
6;222
8;219
13;226
10;226
9;222
4;209
8;207
9;205
7;203
8;204
8;204
3;198
9;199
11;207
11;212
11;211
4;205
6;198
11;199
8;196
10;200
9;204
6;206
16;205
9;208
16;216
14;217
5;212
7;210
10;216
8;216
8;215
12;220
7;219
10;221
6;224
8;223
7;219
5;213
9;211
7;214
10;218
9;216
8;216
5;211
5;207
8;209
13;206
9;206
12;202
11;199
10;204
7;204
8;202
14;208
14;214
8;210
8;211
11;212
7;213
11;216
7;216
3;214
10;215
11;219
7;216
5;212
18;222
10;227
9;231
7;230
12;229
11;231
9;228
10;227
11;228
14;235
6;233
7;226
12;224
6;222
6;220
9;218
10;221
10;220
6;219
4;220
13;223
14;226
12;231
14;240
5;227
8;225
10;226
7;226
10;224
11;224
8;223
11;224
10;223
8;217
16;227
12;232
10;230
14;238
7;239
13;243
12;245
10;245
8;247
9;252
10;249
10;245
6;239
10;235
8;238
14;244
11;245
7;245
9;244
11;244
4;240
10;239
13;242
7;241
11;236
9;233
6;229
14;229
6;228
7;222
10;220
5;215
4;211
10;212
6;208
12;210
9;213
7;210
13;215
6;207
7;203
15;211
4;206
16;211
10;217
6;213
7;207
10;210
9;208
6;205
10;209
8;203
6;203
6;202
6;198
9;202
8;206
7;203
10;207
3;198
14;203
12;208
4;199
8;201
7;201
8;194
11;201
3;188
2;180
10;184
13;190
9;189
1;181
6;181
4;175
14;181
4;179
8;181
17;192
11;194
3;189
4;186
14;190
11;198
9;193
12;193
12;201
14;207
12;212
10;214
13;216
5;218
8;224
9;223
7;217
12;220
6;225
6;225
15;236
11;233
8;237
6;235
6;224
10;223
13;233
10;239
8;233
14;236
13;240
8;236
10;234
6;226
11;225
2;217
7;211
11;217
8;217
10;218
13;224
9;221
8;223
12;229
11;225
5;219
12;223
8;225
6;225
9;224
10;221
8;219
17;228
12;226
11;224
8;224
8;222
5;221
13;223
6;227
10;230
6;225
3;220
9;219
7;213
14;218
7;217
15;220
10;219
11;225
11;224
9;225
13;232
13;236
9;235
8;235
7;225
6;219
8;216
16;224
12;228
9;232
7;226
9;229
14;233
10;237
3;237
13;241
13;247
14;247
4;244
9;238
8;236
15;240
9;238
11;240
11;238
7;232
5;228
6;226
9;228
7;229
11;232
9;225
7;220
4;215
7;215
12;218
9;213
9;212
4;213
11;211
7;205
9;200
14;210
13;214
13;219
8;212
9;212
9;210
14;213
8;214
9;218
5;217
17;225
9;227
9;225
4;220
20;233
7;236
11;240
3;231
11;233
10;234
10;240
10;239
7;239
7;237
7;230
12;229
11;227
7;226
10;227
7;225
7;218
8;218
6;215
8;218
11;212
11;214
9;214
9;219
12;211
13;217
11;217
15;229
7;225
5;220
12;222
8;220
15;228
7;228
14;235
9;232
8;229
5;227
9;226
9;228
11;232
10;234
7;235
10;237
14;240
12;241
14;246
3;240
11;239
9;235
9;233
6;224
10;227
9;231
8;227
15;234
11;230
6;229
9;224
6;221
9;222
6;223
10;224
7;222
9;220
11;221
11;225
6;221
9;216
13;217
4;207
4;208
10;207
10;208
4;203
5;202
5;197
11;199
10;201
11;197
3;189
11;194
8;193
5;192
9;192
7;193
11;194
5;192
11;194
7;190
7;186
8;188
5;184
6;177
10;183
10;189
7;186
6;182
6;184
5;184
11;190
8;187
9;186
7;182
12;191
7;187
6;185
14;194
7;192
6;191
7;187
8;190
10;189
17;199
10;202
11;205
12;212
10;216
12;218
9;217
8;218
6;218
9;221
8;224
7;220
16;228
10;229
6;228
10;226
12;231
16;241
9;236
12;241
9;244
3;240
5;237
8;235
4;222
8;220
8;217
9;214
9;213
11;212
10;213
2;207
10;211
15;217
13;222
9;224
11;219
9;218
9;221
6;217
3;208
12;204
13;208
9;205
6;202
5;204
10;209
3;204
9;209
10;211
6;209
8;208
5;204
9;202
8;200
9;207
12;209
7;201
9;197
8;196
5;190
5;186
10;187
16;197
11;205
9;202
7;196
10;197
11;202
9;206
15;211
5;213
6;210
6;206
7;207
9;208
8;211
9;211
17;220
13;224
8;220
5;218
9;218
10;220
10;225
11;231
13;234
7;225
14;228
9;228
14;235
7;232
15;236
8;235
13;233
13;241
10;245
15;254
11;258
15;264
8;264
8;263
14;260
10;257
13;262
9;266
4;261
15;266
8;264
13;266
9;262
8;263
8;257
7;255
4;245
7;245
13;243
8;243
10;240
3;230
11;231
11;227
8;224
4;213
4;209
5;206
13;205
11;206
3;196
11;198
14;208
10;203
11;206
12;205
9;205
5;202
13;207
11;211
11;218
5;216
7;210
14;216
10;216
8;221
5;215
11;215
9;216
13;225
10;231
11;237
11;235
15;239
9;245
6;240
12;238
10;238
10;237
7;232
8;231
11;237
16;240
14;243
6;238
5;238
4;235
9;230
6;226
7;225
13;233
9;231
5;227
13;227
6;223
6;218
8;215
13;213
3;207
6;207
9;204
9;203
6;199
6;198
8;198
7;194
15;193
12;191
13;198
15;208
8;212
9;212
5;211
10;214
14;215
5;211
13;219
11;217
7;218
10;222
10;224
12;223
12;232
11;237
13;241
10;242
11;247
7;248
9;249
10;252
14;251
8;247
9;243
10;238
11;241
12;244
16;255
11;256
13;255
11;261
7;255
6;250
4;247
10;247
8;245
8;241
2;231
11;231
10;228
10;228
14;231
11;235
10;236
11;237
7;230
7;229
10;230
8;228
12;229
11;228
7;219
6;214
13;214
11;214
7;214
8;216
14;226
8;224
13;229
11;232
12;242
11;242
3;235
7;232
8;226
13;228
12;230
13;232
8;233
13;239
2;231
10;233
3;224
3;216
8;217
14;225
15;227
5;221
13;227
10;229
9;224
9;225
6;218
6;213
5;206
12;207
10;214
3;210
10;212
10;209
10;207
9;203
10;205
7;199
9;206
12;208
16;221
5;223
12;227
7;220
10;215
6;216
7;210
10;210
10;211
7;209
8;211
8;213
13;221
12;221
8;219
4;220
6;216
14;220
9;219
9;219
8;217
5;215
11;217
9;214
6;204
8;207
9;204
3;200
14;204
15;213
9;215
4;209
9;208
11;212
10;214
9;215
19;221
6;215
11;218
6;220
10;224
9;219
9;219
11;221
12;225
10;230
5;224
11;226
4;224
11;227
14;232
9;238
15;239
8;232
10;233
6;235
10;236
6;231
9;230
5;226
10;217
3;214
11;214
13;221
14;225
8;224
12;227
7;223
3;214
12;216
9;220
9;218
6;220
10;219
10;215
7;213
9;207
10;209
17;216
17;227
1;218
5;217
13;221
17;233
7;230
3;230
11;230
8;225
9;220
18;230
11;229
14;236
12;245
4;237
8;236
8;235
8;237
6;233
13;236
9;238
11;240
4;234
10;227
7;217
11;227
13;235
5;227
7;217
6;216
6;219
9;217
13;222
8;221
14;217
10;216
13;215
8;211
11;218
12;222
8;222
11;225
8;227
12;226
14;231
12;232
8;236
12;238
13;244
9;242
17;246
14;255
15;263
2;259
13;266
12;269
7;263
16;271
9;266
8;264
5;256
8;256
10;255
14;257
9;258
5;252
4;248
13;249
15;250
11;249
7;248
9;245
5;237
14;242
7;232
14;232
16;233
9;240
4;231
6;225
5;223
8;215
7;213
11;216
10;221
11;224
6;220
7;213
6;210
7;212
14;222
8;217
7;209
8;206
11;210
11;212
8;215
9;210
11;214
4;204
8;196
7;194
7;197
7;198
8;201
13;206
8;207
12;208
10;208
15;212
8;214
14;221
14;229
5;227
6;219
14;225
8;226
7;225
6;220
9;218
12;222
10;223
12;224
11;231
11;234
9;236
10;239
15;247
10;249
9;245
3;240
6;234
11;235
14;234
12;238
13;237
20;243
8;246
9;249
3;238
4;234
12;239
10;243
17;251
14;253
15;258
12;258
14;261
11;261
8;260
12;262
13;260
9;259
6;256
9;262
13;269
4;262
10;258
16;262
11;260
13;253
13;258
8;257
14;268
11;275
8;271
8;269
10;262
14;262
7;254
10;252
10;248
8;245
8;245
9;242
11;240
9;240
12;246
6;243
13;243
9;248
6;244
13;241
3;233
9;229
3;219
8;219
8;213
6;208
6;206
13;211
13;214
12;212
15;220
8;218
10;218
7;217
10;219
7;217
8;214
14;219
10;217
12;223
7;217
16;224
9;227
15;229
5;231
12;234
8;239
7;238
13;243
7;244
14;252
11;250
5;242
11;241
4;230
6;228
10;228
3;224
5;219
5;217
1;210
8;204
2;196
7;191
9;193
11;188
11;190
8;183
9;187
6;181
9;182
13;188
7;182
10;185
9;180
5;174
8;177
14;180
5;181
8;183
13;186
12;195
11;201
9;205
13;217
4;213
5;216
9;218
9;218
10;217
6;212
11;215
8;214
11;219
13;223
14;224
7;224
13;227
9;227
9;231
11;234
10;230
11;236
9;237
7;231
3;222
14;225
11;227
16;230
12;238
14;247
14;252
10;253
8;251
7;252
7;248
5;245
11;245
9;241
6;233
6;232
4;223
9;223
8;222
8;219
6;215
8;212
8;211
11;215
8;220
11;217
5;211
7;202
4;194
18;198
10;194
8;192
11;195
7;195
9;197
3;195
13;197
6;194
10;198
7;199
12;207
12;210
7;209
12;213
11;218
9;219
3;214
4;207
9;208
16;213
10;218
9;220
5;221
7;210
6;206
14;212
14;215
4;212
13;216
13;226
17;230
12;236
11;237
5;235
14;237
8;233
7;233
14;235
8;232
4;227
9;233
8;237
4;232
9;225
13;228
12;231
11;237
13;243
8;245
11;242
9;237
11;244
11;242
9;238
6;227
3;218
6;213
10;218
14;218
6;216
9;218
18;222
12;226
6;228
5;224
7;223
4;223
5;219
9;215
7;210
12;211
6;204
11;207
6;202
13;206
17;212
4;205
10;206
6;206
10;213
15;222
9;221
7;214
7;215
14;220
8;210
10;208
12;214
11;220
10;223
6;225
5;225
6;222
10;225
12;225
5;224
8;221
6;221
6;214
17;214
14;224
11;225
8;227
8;225
11;221
2;214
11;218
12;223
7;216
8;216
10;216
13;217
12;218
8;216
12;222
15;232
12;238
7;235
5;228
6;229
6;227
10;231
7;232
15;230
6;222
6;217
8;217
11;220
9;218
10;226
5;220
6;214
13;220
8;220
8;218
9;214
7;209
10;211
7;206
7;198
11;197
9;199
9;203
10;207
11;212
4;206
6;205
8;198
8;200
8;202
9;203
11;203
11;205
9;204
2;201
12;207
6;200
9;201
11;204
12;207
6;206
10;206
12;211
7;211
5;205
7;203
3;197
8;195
10;194
9;199
14;207
12;211
12;215
13;220
12;223
14;226
4;219
7;217
8;223
12;223
12;229
4;224
10;223
5;216
8;218
5;213
13;214
6;213
8;216
10;219
11;227
7;226
4;220
12;223
8;217
7;212
6;206
6;199
12;199
12;197
6;199
19;211
11;214
8;210
13;211
12;219
11;220
7;222
9;223
10;228
11;226
13;233
5;230
12;232
10;231
11;235
5;236
13;237
15;244
9;246
13;253
3;250
15;253
8;249
6;249
9;239
12;240
17;249
10;246
16;250
12;251
9;253
4;248
8;246
15;250
10;247
13;255
10;253
11;254
7;250
7;252
10;249
9;243
10;244
14;245
6;248
12;245
13;250
3;247
15;253
13;254
9;246
8;244
9;237
16;241
7;239
8;243
10;245
10;240
7;237
6;230
9;229
12;230
7;230
9;232
9;231
13;235
3;228
8;222
7;223
15;226
14;227
4;228
7;220
10;217
5;213
9;214
10;215
10;209
9;211
5;208
9;207
6;203
6;202
17;213
10;214
10;212
8;213
7;211
13;215
10;212
7;216
9;217
6;216
12;213
8;207
20;223
10;226
6;222
14;231
10;232
5;227
7;224
14;229
9;233
11;235
8;237
9;240
7;230
10;230
6;226
13;231
6;230
7;224
6;220
13;226
8;225
14;233
7;228
9;229
7;216
12;218
8;220
12;218
4;212
10;217
11;221
4;211
4;206
10;205
5;202
16;209
15;217
11;218
5;217
8;212
9;215
7;215
12;221
16;224
5;221
6;213
11;217
13;221
5;219
5;212
4;208
10;206
8;210
9;209
11;209
8;213
10;219
8;217
9;221
7;212
4;201
6;196
8;199
7;198
7;196
4;193
8;189
6;179
14;188
6;188
11;188
10;185
9;189
13;197
8;201
7;198
10;200
11;202
8;199
8;199
5;194
7;193
9;193
8;194
9;199
4;197
14;203
4;200
11;204
8;208
7;207
9;210
14;210
13;217
3;209
9;208
12;211
6;204
10;206
7;206
8;204
10;203
7;202
8;202
9;206
12;211
10;212
10;214
9;214
13;223
9;218
9;223
7;219
19;230
10;233
9;233
12;231
10;228
11;236
7;234
9;231
7;232
9;231
9;233
1;226
6;222
6;221
4;217
15;223
9;220
4;214
5;209
10;210
7;204
9;204
10;205
7;205
22;208
5;203
6;200
10;198
16;204
13;206
12;211
10;212
11;216
7;214
10;215
7;221
11;226
14;234
10;240
9;234
9;234
14;244
10;249
19;258
10;261
8;260
10;260
6;259
13;250
8;253
3;250
9;249
12;245
11;243
16;247
5;242
14;245
5;243
12;245
15;253
9;251
6;243
9;242
7;240
7;238
14;238
11;239
6;226
6;222
6;220
7;217
7;218
4;209
9;210
7;214
9;214
9;211
12;212
5;201
7;203
4;193
8;196
8;192
4;181
13;185
18;197
9;197
12;202
8;203
7;196
13;198
9;201
5;200
6;200
6;199
11;203
12;211
9;211
6;210
8;209
8;208
5;201
21;217
7;217
4;217
7;216
8;216
8;220
11;218
13;213
8;212
7;207
11;210
5;208
5;200
13;204
8;207
11;212
7;213
9;211
8;207
10;208
14;216
15;223
14;229
9;233
10;222
7;222
12;230
4;227
13;232
12;236
6;231
13;231
8;231
5;229
6;224
11;230
15;240
7;234
7;233
8;230
5;228
14;233
8;233
13;236
10;232
10;227
11;224
10;225
12;227
8;228
15;231
11;238
11;236
10;234
10;238
10;235
12;239
13;247
11;252
8;249
10;244
14;251
6;250
8;250
7;252
11;249
13;254
4;245
11;246
11;247
8;244
12;246
10;244
6;242
7;234
11;234
3;226
11;227
14;231
11;232
6;226
9;222
6;217
6;215
6;211
12;209
10;213
11;216
13;222
4;215
12;214
6;216
7;212
8;209
7;208
12;208
5;203
10;207
3;203
8;200
9;206
11;206
10;202
10;201
17;212
12;215
15;224
11;229
17;240
10;238
13;241
7;237
11;235
13;244
9;241
9;244
4;241
9;242
5;240
12;240
5;240
9;239
14;250
11;253
15;259
13;261
11;262
16;268
12;263
10;261
12;258
6;253
9;245
10;245
8;240
5;238
13;240
7;234
9;234
12;237
12;245
8;244
14;253
7;248
6;249
13;253
9;248
11;248
4;237
10;234
13;236
12;232
10;230
10;230
8;226
5;225
8;224
10;224
11;227
11;233
6;226
15;234
10;235
13;236
13;237
5;234
12;232
15;240
10;244
4;235
9;235
7;231
9;236
11;237
6;230
11;229
7;226
13;229
11;232
12;239
6;237
8;235
8;232
9;230
9;233
21;239
8;237
8;232
9;228
8;231
9;228
15;228
12;230
12;238
5;234
10;237
15;243
8;240
6;240
7;236
8;237
11;235
11;235
2;225
7;226
10;228
2;222
10;223
17;231
9;219
10;221
8;221
2;214
10;216
9;216
9;210
6;204
6;198
10;203
6;199
11;195
12;199
5;198
14;205
6;203
11;203
9;201
17;216
2;211
6;207
15;220
8;218
8;209
13;213
7;210
15;217
6;221
11;222
3;216
8;215
14;223
7;224
7;221
12;227
11;227
6;221
7;223
16;225
10;229
12;230
12;233
12;228
10;236
9;239
14;238
9;239
5;236
7;230
9;232
11;228
10;232
12;233
10;240
14;246
5;237
7;237
15;245
8;241
11;241
18;253
7;253
14;251
5;246
7;241
11;240
9;237
8;235
8;234
11;231
5;227
8;230
6;229
8;228
19;236
16;242
11;241
13;244
6;236
11;242
7;242
6;233
6;231
6;226
13;221
11;225
8;219
7;221
7;221
16;226
15;232
3;227
13;232
6;227
9;231
8;231
13;238
9;239
14;234
8;226
12;227
8;222
9;225
10;224
6;223
6;223
10;227
10;231
13;231
10;230
17;239
6;238
12;243
11;238
11;234
9;240
10;237
8;239
7;237
6;235
8;230
17;238
7;231
4;227
9;224
10;226
7;224
5;219
7;220
8;222
7;219
4;213
10;210
8;208
4;195
8;197
12;197
6;192
11;192
15;198
14;202
11;205
9;207
4;205
9;206
17;206
10;209
6;211
11;213
2;205
7;205
11;211
9;213
6;211
10;214
2;212
8;210
9;211
14;221
13;226
12;226
4;224
10;223
15;223
8;217
9;215
15;221
11;228
11;230
7;220
9;219
4;217
8;214
9;221
9;223
10;222
13;226
9;229
8;227
9;234
11;237
12;240
11;237
7;231
6;225
11;232
11;233
11;229
6;227
9;227
8;220
7;216
8;213
9;215
13;219
5;220
12;224
9;224
7;222
7;219
2;208
12;211
16;219
10;220
13;222
9;219
7;215
14;222
8;224
12;225
8;222
9;220
9;223
9;223
6;221
5;219
8;219
5;215
9;211
10;216
9;213
5;209
8;210
14;217
6;221
8;217
5;206
15;211
13;211
7;209
10;212
5;203
6;201
12;201
7;200
6;197
7;195
10;196
11;201
11;207
3;202
13;210
14;215
10;215
6;212
6;213
11;216
13;215
3;212
9;213
14;222
7;214
7;208
8;209
7;206
10;211
18;223
9;220
6;219
8;221
6;220
11;221
10;220
7;216
5;218
10;215
8;209
7;206
13;213
14;221
11;221
8;216
7;220
6;217
9;212
6;211
8;212
12;216
14;223
8;221
18;221
13;225
13;232
4;228
7;229
13;231
10;231
6;230
7;232
8;230
20;242
7;242
16;245
5;236
9;234
7;233
7;233
9;236
10;237
9;240
11;243
7;238
6;230
8;230
5;217
7;211
4;202
13;211
11;215
8;210
8;208
9;211
10;214
10;216
5;201
7;201
13;198
10;203
8;202
8;203
10;206
6;203
25;218
13;222
9;220
10;223
7;224
6;222
11;228
13;234
7;237
5;229
8;226
11;229
8;229
15;235
10;235
14;239
13;247
12;252
6;245
15;250
3;245
10;247
13;250
6;250
6;231
6;224
9;224
10;224
12;229
8;231
16;236
8;231
8;232
12;239
11;242
17;248
11;251
12;248
10;248
13;247
11;245
10;243
9;246
7;238
10;245
5;240
12;239
7;240
7;241
7;242
9;242
10;242
2;232
9;233
3;220
7;219
6;217
11;216
8;213
15;211
9;209
16;213
11;214
11;212
7;208
8;206
9;206
9;208
10;208
7;210
5;203
6;202
8;203
8;204
12;207
8;205
10;213
8;212
7;216
7;216
5;215
9;213
8;213
8;206
11;208
7;199
7;195
7;191
10;194
11;197
11;199
15;205
11;206
5;204
14;213
8;215
4;211
9;212
6;206
4;202
11;203
11;206
9;208
17;218
8;221
5;217
14;223
11;226
9;224
10;227
7;227
9;229
15;234
14;237
14;240
10;235
12;236
10;241
6;233
16;241
11;248
11;250
13;257
7;260
17;266
8;263
4;258
7;248
7;247
6;248
14;248
15;252
7;250
9;249
13;255
6;252
6;243
6;235
13;234
7;231
7;226
10;226
10;230
8;222
10;221
7;217
11;215
7;215
14;212
8;212
10;218
10;221
6;220
8;222
7;215
16;216
10;219
6;216
12;215
7;216
12;222
8;224
11;222
3;218
4;215
13;218
2;210
8;210
11;211
7;211
13;213
20;226
11;223
9;224
9;223
4;217
14;225
8;225
21;239
9;232
9;231
11;236
17;241
8;242
13;243
5;240
6;235
4;236
9;241
11;239
13;250
12;254
8;251
7;251
13;251
1;232
13;234
7;232
11;234
15;245
7;238
12;242
12;233
13;237
8;236
9;234
7;224
6;222
12;221
10;226
5;225
13;234
13;238
14;241
8;236
14;238
9;239
13;245
8;240
8;247
13;247
7;247
12;248
10;243
9;245
4;237
10;235
6;228
12;232
11;234
7;234
9;237
4;229
8;227
10;232
9;228
10;225
3;214
10;216
10;212
7;210
9;206
4;202
12;206
11;204
7;204
5;197
11;198
3;192
8;196
7;193
12;199
4;191
14;194
9;196
13;200
10;206
12;210
8;208
11;210
11;211
8;216
8;214
6;210
9;212
3;206
8;210
6;204
13;206
11;210
3;208
6;203
6;206
7;205
12;210
3;201
5;202
8;196
11;198
12;197
6;193
3;184
11;187
11;187
9;185
6;183
9;184
7;185
8;184
6;187
12;191
7;192
5;184
11;184
9;190
20;204
7;205
3;201
10;199
8;204
11;210
14;216
7;212
6;206
9;209
7;213
12;214
5;208
9;208
8;210
15;216
11;220
11;223
10;227
9;224
9;226
4;225
10;224
11;226
6;212
9;214
8;219
14;223
9;224
10;223
7;216
16;225
4;223
3;217
8;218
14;220
13;228
6;225
16;233
5;223
11;223
5;217
14;221
3;215
7;213
6;215
13;218
8;215
8;217
8;216
9;217
12;215
10;216
3;209
12;214
8;206
11;213
9;219
11;222
12;220
17;224
9;227
8;219
13;227
9;225
6;226
8;220
9;226
7;226
5;225
6;218
6;216
12;220
12;224
7;222
10;220
11;221
7;225
2;215
9;216
9;214
17;222
13;224
5;217
10;210
13;214
11;217
12;216
12;219
10;223
8;223
6;220
12;225
5;225
7;226
12;232
4;224
13;225
4;222
11;223
5;217
10;220
19;237
10;238
9;238
6;227
9;223
9;227
11;228
10;225
9;223
15;226
10;224
8;222
6;220
5;219
7;214
5;214
6;213
9;210
12;218
8;213
4;213
6;208
14;217
9;216
10;207
6;203
10;204
8;206
6;203
7;201
9;199
13;202
12;205
13;203
12;205
5;202
4;200
9;204
12;209
11;215
5;214
6;211
8;207
6;205
10;211
12;217
16;219
17;227
15;232
13;239
11;240
9;241
7;242
5;240
10;241
5;233
13;234
11;232
12;232
9;236
9;241
12;244
16;248
11;248
7;250
6;250
17;259
7;260
9;259
9;256
11;251
10;244
9;238
8;233
7;229
8;228
13;234
12;241
10;241
9;245
6;238
10;237
13;238
16;245
13;249
4;241
9;234
11;234
10;237
9;240
8;231
13;237
6;234
14;239
3;231
14;235
8;234
7;233
14;240
11;243
8;238
8;234
4;228
11;230
12;236
12;238
5;230
9;223
6;216
5;217
4;212
12;213
6;209
5;205
12;209
10;206
6;206
13;205
14;216
9;211
9;212
6;211
9;206
4;199
14;205
13;210
13;219
5;213
9;210
11;209
7;211
9;211
10;215
18;228
11;235
8;231
10;235
16;246
6;240
5;235
17;246
13;246
9;241
12;244
13;248
7;249
5;245
6;247
13;246
12;245
10;242
4;241
10;242
8;239
7;239
7;237
6;233
7;222
9;220
6;218
8;216
7;207
11;212
10;217
12;212
9;208
3;202
9;199
9;195
13;201
15;211
13;218
10;215
6;209
8;207
11;214
7;211
16;219
7;219
8;220
6;220
4;217
7;215
8;217
7;216
5;214
7;210
11;211
7;206
9;206
10;213
10;214
9;214
8;209
11;205
7;199
8;197
7;198
8;198
8;195
10;198
10;192
8;193
3;188
12;194
15;205
12;210
11;213
9;215
5;215
7;215
12;216
9;218
9;218
8;216
11;217
6;214
6;212
5;206
6;205
9;206
3;202
10;204
8;204
14;208
7;205
5;202
11;210
12;210
11;206
11;205
9;203
7;201
8;204
5;202
9;199
14;204
10;205
7;204
5;198
9;201
13;208
9;212
12;218
11;220
4;221
7;218
11;221
14;221
9;223
11;229
17;235
8;231
5;225
13;227
11;229
12;234
10;236
11;242
8;241
7;234
5;229
13;235
11;241
5;237
7;231
8;230
9;227
9;225
7;228
11;232
12;233
8;227
6;224
12;225
9;217
6;215
10;220
11;218
10;217
8;213
14;217
7;213
14;219
13;225
9;229
15;231
8;228
8;231
2;226
5;223
7;221
12;224
13;230
4;223
10;221
7;220
9;223
19;230
18;239
12;245
8;243
8;240
10;240
13;245
13;244
17;254
8;248
7;242
12;245
10;240
9;241
6;239
8;245
12;252
6;251
11;250
7;244
8;248
7;245
4;242
6;239
10;230
9;221
11;220
7;219
11;222
14;226
14;227
15;229
9;221
3;216
9;218
9;215
4;209
4;204
4;202
12;206
9;203
6;203
11;203
6;202
13;207
8;208
10;214
7;215
7;212
4;207
9;205
11;209
7;205
9;200
15;201
5;191
9;191
3;191
7;189
15;195
6;197
9;202
7;205
12;205
8;204
8;206
7;202
11;207
17;211
6;209
11;210
11;214
8;215
12;223
12;226
8;223
4;220
7;218
11;214
8;217
8;216
14;227
7;227
11;223
3;220
13;224
13;230
11;229
14;235
7;234
6;233
8;230
13;226
5;225
9;223
12;224
12;228
11;227
8;223
6;221
9;226
13;232
13;234
7;233
9;234
13;233
11;237
5;231
14;242
12;241
14;242
9;240
8;234
9;236
10;240
5;237
8;232
4;231
4;226
13;227
10;225
7;221
17;230
8;232
14;237
11;235
6;228
11;232
6;229
7;223
16;228
7;230
9;225
5;218
10;214
9;214
11;217
11;219
2;211
10;216
7;215
8;219
9;224
4;215
9;214
5;212
7;202
13;207
6;199
11;199
11;204
10;203
8;205
3;201
3;188
11;192
13;196
16;207
4;201
8;200
15;204
3;196
11;205
7;202
5;200
10;202
12;205
14;215
9;215
14;224
6;223
4;214
9;217
10;216
17;222
8;220
12;224
14;235
7;239
10;238
11;236
10;230
11;237
13;242
13;240
11;248
10;247
5;245
12;252
16;258
6;252
7;245
9;245
13;244
9;247
5;248
3;242
18;250
4;237
18;247
12;247
11;244
10;247
8;245
5;239
8;237
3;229
9;225
13;225
7;221
7;218
6;219
11;218
19;221
13;228
10;231
5;227
13;227
9;227
9;231
6;234
4;220
12;228
16;226
12;226
7;222
7;219
11;222
8;225
3;220
9;226
9;226
14;227
11;231
12;236
5;235
6;230
8;219
11;217
7;214
8;217
7;211
11;213
10;214
7;215
11;222
10;220
7;211
11;210
19;222
8;223
9;221
12;225
8;230
8;229
7;227
7;220
8;217
8;213
15;223
4;221
8;221
9;219
8;220
9;221
10;224
10;223
8;221
15;229
4;222
8;220
14;227
7;223
9;213
5;210
7;208
13;209
8;209
10;211
8;212
14;219
12;223
9;224
15;224
8;228
10;230
8;229
8;229
9;229
12;231
13;234
9;235
8;228
13;237
2;231
11;228
11;232
9;232
9;236
16;245
3;235
8;235
6;231
8;231
14;231
8;227
13;231
6;222
12;226
9;225
2;219
9;220
5;216
11;215
14;216
12;219
6;217
6;210
12;220
14;223
12;224
5;220
10;221
12;217
11;225
10;227
10;231
13;236
10;232
8;232
7;226
9;229
8;225
6;222
10;230
13;234
8;237
8;234
6;226
9;223
6;223
9;226
7;221
14;221
15;224
10;229
10;229
10;227
8;224
9;223
15;228
11;226
10;226
7;225
10;228
8;227
4;223
7;224
11;225
9;221
9;222
8;222
14;230
19;240
11;245
7;243
11;247
8;241
11;237
14;241
7;238
8;236
9;237
8;236
9;230
13;232
12;234
5;232
7;229
13;234
10;240
5;238
7;234
10;235
8;234
11;237
6;229
17;227
11;227
5;225
10;224
9;225
9;223
7;216
2;211
10;213
8;212
16;220
10;221
8;216
6;210
15;220
8;221
10;218
8;216
10;221
11;225
15;230
10;232
12;233
12;239
8;230
9;228
8;231
12;233
12;236
10;237
6;236
6;240
9;239
11;242
9;235
9;234
9;235
4;233
9;227
6;225
12;227
9;228
11;229
8;226
13;224
10;224
9;221
12;221
10;223
6;220
5;217
12;217
4;209
13;212
12;218
12;224
11;226
10;225
8;224
12;227
6;224
9;229
7;227
8;229
10;227
13;231
5;225
7;224
16;227
6;223
13;227
14;229
15;234
9;237
5;237
7;232
7;235
5;227
13;228
5;221
9;219
13;222
4;218
13;219
14;227
9;227
8;228
10;230
3;223
5;215
6;216
5;214
10;208
8;210
9;206
5;197
15;197
11;199
14;208
12;213
12;218
6;219
7;213
7;215
16;222
9;218
7;221
8;216
12;214
12;217
10;219
12;221
4;222
9;226
3;223
12;230
9;229
10;231
10;232
9;236
5;226
18;233
8;227
10;225
14;227
9;230
3;226
8;227
9;220
12;223
13;229
10;231
8;227
13;228
11;229
13;230
6;232
11;234
10;241
5;234
9;234
13;237
9;236
13;240
6;241
8;231
7;230
9;229
14;229
9;229
12;238
5;235
6;232
9;229
10;226
7;223
9;224
13;224
9;222
8;217
6;217
13;219
14;223
11;229
15;235
14;236
12;239
10;236
17;247
12;251
12;256
15;262
11;259
8;258
9;255
7;257
9;260
9;260
10;260
8;261
9;261
7;255
10;256
8;256
10;260
6;253
10;249
20;258
10;253
8;247
10;245
8;243
6;232
6;226
10;224
5;214
8;211
8;211
13;215
7;215
7;213
11;215
9;214
10;216
6;213
7;213
12;215
7;214
15;219
7;220
6;216
15;211
4;205
11;208
8;206
5;203
5;202
5;201
9;200
9;204
13;209
10;211
11;209
8;210
16;219
8;216
13;220
10;220
9;223
10;226
9;223
11;227
3;215
15;223
10;227
7;219
11;226
12;227
6;225
13;233
5;233
12;240
4;235
9;235
5;227
5;222
9;220
8;220
12;216
13;221
8;216
8;214
7;212
17;219
13;223
7;219
13;229
8;222
7;219
8;220
4;213
10;211
9;214
6;207
4;206
4;198
13;207
11;209
7;211
13;219
7;217
6;215
13;216
3;206
9;207
7;206
6;205
13;201
9;197
7;197
7;191
5;188
10;191
15;198
6;200
12;202
4;197
6;197
12;205
11;212
5;204
16;209
11;213
7;207
6;206
4;204
20;211
4;212
8;211
12;216
7;217
13;217
18;226
11;230
6;229
13;237
6;233
8;226
11;231
9;228
8;232
15;241
8;237
6;232
7;234
8;226
8;223
10;226
9;229
6;231
13;224
7;227
15;234
12;234
8;235
13;235
14;231
3;223
16;233
7;227
5;226
8;226
11;226
5;222
10;224
10;219
8;219
11;224
20;237
6;235
7;234
9;233
11;235
6;235
13;235
14;242
10;237
14;239
11;242
11;240
7;233
12;242
13;239
18;250
4;249
12;253
10;252
6;253
8;251
7;248
9;249
9;247
8;235
8;237
7;237
11;239
8;236
10;240
7;234
7;227
10;227
7;220
8;217
6;212
9;214
8;210
10;207
3;192
9;197
11;196
16;202
4;200
7;199
9;201
7;199
6;196
15;203
11;206
8;207
10;206
5;203
18;211
15;219
9;221
15;226
13;232
7;231
5;230
7;228
12;232
11;233
8;238
9;238
6;233
10;227
4;227
8;228
6;225
12;230
8;232
10;227
5;221
16;229
9;228
9;232
5;219
8;212
12;215
8;208
7;202
8;203
7;205
11;209
11;208
12;209
10;211
10;212
8;214
13;217
7;220
10;222
4;220
10;218
9;219
10;219
11;225
3;212
9;212
10;213
10;218
8;218
10;216
8;216
10;219
7;218
7;218
8;215
10;214
13;215
6;211
7;208
15;215
14;216
8;217
9;216
6;218
7;215
10;216
9;215
9;213
4;214
13;218
14;222
13;225
11;228
8;226
8;226
8;224
9;226
11;230
9;231
9;230
11;228
4;226
14;233
8;226
14;226
8;226
13;230
11;235
11;239
13;242
9;242
13;246
7;249
8;244
6;236
7;230
11;230
7;229
9;230
11;233
14;238
12;239
15;245
8;244
7;240
13;249
4;239
7;238
13;237
13;242
9;238
4;231
8;228
5;220
7;218
7;212
9;214
23;229
10;233
8;234
11;234
9;236
7;234
6;229
7;222
15;225
7;217
11;220
9;222
9;218
14;228
11;232
6;225
8;220
9;220
7;223
9;224
9;228
5;226
7;226
7;224
7;208
11;209
6;207
11;207
9;207
10;210
7;211
11;215
8;208
7;208
10;207
13;211
8;210
5;201
8;198
11;203
4;199
12;202
10;205
4;200
10;201
7;203
10;206
12;211
10;214
8;211
15;220
4;213
12;216
7;213
9;215
6;210
8;210
5;208
15;213
4;204
8;204
7;206
8;206
11;206
12;214
6;208
15;213
14;223
7;220
6;219
8;217
12;217
11;218
12;222
14;221
15;232
8;228
8;229
7;227
7;228
10;230
10;235
10;230
7;233
5;230
11;234
9;235
4;228
7;223
4;221
14;220
16;222
11;226
13;233
12;237
10;235
7;231
12;231
7;224
9;218
9;219
9;220
6;219
12;224
9;223
11;224
13;227
9;229
12;236
14;239
6;236
7;239
10;242
9;247
9;242
8;234
8;231
8;226
3;217
11;218
9;220
6;214
7;214
9;214
6;211
12;214
11;219
4;211
5;207
6;202
11;200
12;203
5;196
12;194
16;204
10;207
13;210
11;212
12;215
8;215
10;217
13;222
10;229
10;228
7;226
5;225
9;227
8;226
10;230
9;227
9;225
8;229
5;229
8;231
11;231
5;224
11;230
6;224
14;222
10;222
11;220
8;217
7;212
6;210
7;207
17;211
9;210
10;210
8;211
11;217
5;213
6;211
10;211
15;217
6;214
8;214
11;220
7;219
9;217
8;220
7;216
6;216
10;212
13;215
11;215
8;215
13;221
9;224
7;224
15;222
9;222
8;220
6;218
12;219
14;228
7;229
6;225
6;216
9;219
10;221
7;217
12;222
12;225
7;224
7;224
13;231
10;231
12;230
16;235
17;244
7;238
14;243
10;246
14;245
15;251
7;250
15;259
10;257
8;251
13;257
6;257
12;263
10;264
12;266
12;271
8;267
14;269
11;273
11;277
6;270
10;270
14;272
6;262
11;256
8;257
11;254
8;252
8;246
7;238
9;240
11;236
8;234
5;231
7;225
10;229
12;229
8;227
19;234
5;227
7;226
7;219
10;218
5;212
7;213
15;218
4;208
9;211
11;211
12;215
12;216
10;218
10;220
8;221
7;219
13;221
10;223
8;226
10;229
10;229
6;223
12;227
16;224
12;231
11;235
7;235
8;233
12;240
8;241
10;236
8;240
7;238
13;240
10;238
6;232
6;228
11;229
8;229
7;229
9;225
8;223
14;229
11;230
11;231
11;236
7;231
7;222
6;216
6;211
10;214
12;218
13;219
6;217
6;213
10;215
10;218
10;215
8;213
8;215
8;217
7;213
8;213
8;214
6;211
11;214
9;209
11;209
7;205
4;198
8;199
9;201
8;203
14;211
11;212
7;207
8;202
8;204
7;205
11;206
6;202
1;193
6;191
7;190
13;195
7;195
8;195
19;206
8;208
9;206
13;210
7;206
13;212
9;217
11;220
11;222
7;221
5;212
11;212
11;216
7;215
9;216
14;223
7;219
7;220
8;227
11;232
8;233
7;227
8;228
13;233
15;229
12;233
7;231
9;227
7;227
11;225
8;224
9;222
11;222
11;226
5;226
12;227
9;225
9;227
8;226
13;225
17;235
12;240
14;246
6;241
6;239
9;241
7;240
8;235
8;228
10;226
6;225
4;220
10;223
12;224
6;222
17;230
9;228
9;226
8;229
7;224
7;222
7;220
11;223
8;218
10;211
10;209
8;203
9;206
5;205
6;202
12;207
8;207
12;211
9;210
10;214
9;219
11;220
7;215
13;222
9;214
5;210
7;208
12;212
1;206
9;208
12;213
6;208
10;210
11;211
6;207
5;204
11;206
10;211
6;211
5;204
15;211
9;208
14;213
10;213
12;216
5;210
11;214
7;208
7;206
9;210
12;215
6;209
7;215
16;222
12;222
10;226
5;221
5;215
13;222
8;225
8;222
8;220
12;226
10;231
9;225
13;229
11;226
9;225
4;217
10;222
7;218
8;219
10;222
10;223
11;222
9;225
8;226
5;215
4;207
8;205
8;208
14;217
7;211
7;210
9;211
6;209
7;204
11;205
10;206
8;201
4;194
11;196
9;201
8;199
13;205
12;209
13;212
8;210
20;219
7;217
11;220
14;229
7;232
9;233
9;234
8;228
6;227
8;228
8;227
16;237
11;241
7;237
6;233
8;233
15;244
9;242
9;242
10;244
6;237
13;238
2;227
6;225
7;212
5;210
9;208
8;202
11;206
11;208
11;210
11;213
11;218
6;216
16;224
15;223
8;220
6;219
4;217
9;218
7;210
7;208
10;209
12;211
15;220
5;212
10;220
3;217
18;228
7;230
9;230
14;236
16;241
6;236
13;238
7;234
13;236
4;234
11;229
7;221
14;227
8;229
3;228
5;224
16;233
9;235
7;232
6;226
8;219
12;226
8;224
12;233
5;220
9;222
8;221
16;223
11;218
7;219
3;209
10;212
11;210
9;215
11;215
4;212
11;209
6;207
10;214
9;218
5;207
12;210
10;213
10;217
6;215
10;213
13;218
8;214
8;217
10;218
10;220
10;214
14;217
4;214
2;213
13;216
16;221
8;220
10;219
7;222
15;226
12;232
10;232
5;228
6;229
10;227
10;227
12;229
7;230
11;231
11;229
6;227
15;234
6;230
13;233
8;231
12;229
8;233
6;237
8;232
11;227
7;226
4;220
7;220
11;216
9;213
8;211
4;210
9;213
13;216
14;220
5;213
8;214
8;211
10;210
9;213
13;211
10;215
3;205
5;202
9;199
18;209
8;211
3;206
5;200
10;203
9;208
9;210
9;208
8;207
9;208
6;210
10;211
7;205
13;204
14;213
8;213
7;212
14;216
11;218
7;212
4;206
10;213
15;223
13;227
14;223
4;219
14;230
10;235
14;239
9;239
7;237
7;235
12;239
7;237
9;240
12;242
4;239
10;236
10;232
10;234
7;234
12;232
5;226
6;225
10;231
10;231
5;221
5;213
7;206
6;208
10;204
9;203
11;200
11;202
4;199
8;200
10;198
9;200
12;203
8;199
8;203
7;200
12;202
10;202
14;209
9;206
11;212
19;225
13;228
13;231
7;233
6;234
11;238
10;242
8;240
11;242
12;243
12;244
7;247
4;243
11;244
10;245
14;247
8;247
8;247
7;247
4;239
7;236
10;232
7;230
10;229
11;221
11;219
5;211
6;210
8;212
4;205
18;213
6;211
11;211
13;212
11;211
10;214
9;219
12;220
11;221
12;219
10;221
8;221
9;223
13;232
14;239
9;238
10;241
12;243
13;245
5;239
9;243
11;248
6;246
7;249
11;242
11;247
8;244
11;242
9;240
9;239
14;244
12;244
9;242
7;237
4;231
10;233
6;230
13;230
8;224
8;223
9;222
4;214
14;215
6;216
15;222
11;222
11;227
13;233
8;230
6;225
6;223
4;216
12;219
7;217
8;211
15;214
10;215
7;215
12;223
13;226
7;227
4;218
7;217
13;222
15;228
6;230
13;229
6;229
8;222
8;219
8;216
12;215
10;217
6;217
5;216
8;220
10;218
8;219
9;220
10;215
8;213
15;221
9;218
14;219
11;223
8;227
9;229
8;224
10;219
13;226
11;224
7;225
15;232
9;233
6;231
1;220
9;219
10;223
14;232
6;230
6;226
7;225
13;229
8;227
4;223
8;216
11;218
13;217
15;221
6;219
9;219
5;216
8;214
6;207
11;207
14;214
9;208
6;205
11;210
7;216
7;214
7;211
13;210
11;215
8;217
4;214
13;214
12;218
16;230
14;236
8;233
3;223
14;222
11;227
6;224
10;229
5;226
13;233
8;230
9;225
11;227
8;229
6;224
7;224
15;232
10;235
14;236
9;234
8;234
12;242
10;239
7;234
13;231
10;227
12;231
5;233
9;228
3;220
8;222
10;222
7;224
8;219
10;221
8;220
13;222
9;223
7;224
10;227
9;221
6;217
6;209
13;213
7;212
6;206
16;212
11;216
5;208
9;207
6;201
9;205
5;201
8;206
9;207
11;208
13;214
7;213
6;209
4;205
7;199
12;202
12;207
8;205
12;208
4;206
12;212
15;214
14;221
14;229
8;221
9;219
8;222
12;225
9;228
11;230
7;232
15;239
8;238
12;239
12;238
5;236
13;243
9;248
10;251
7;246
9;243
6;241
7;236
7;239
11;238
9;232
7;225
9;220
8;220
3;214
6;212
11;211
7;209
13;211
10;214
11;210
5;207
11;206
7;201
11;207
2;196
9;196
14;200
14;207
8;206
12;212
13;218
13;224
7;220
6;217
6;216
13;220
7;219
14;230
11;235
9;233
8;234
6;227
13;230
8;227
6;228
14;231
7;231
5;225
15;238
5;234
9;229
11;226
9;227
16;231
11;229
9;225
10;228
3;225
7;226
12;225
6;224
9;219
14;222
5;218
6;216
10;220
8;215
12;219
10;223
13;222
9;224
11;230
12;227
10;232
14;237
11;237
9;237
13;234
11;234
16;241
13;244
9;250
7;250
13;251
9;254
10;255
6;247
14;256
8;258
11;259
9;260
14;262
15;267
4;258
13;262
14;265
9;262
6;258
12;256
14;259
17;267
9;263
7;259
13;256
5;248
9;248
19;260
16;263
4;258
5;253
10;257
11;254
13;259
4;252
9;252
14;252
10;247
3;246
10;243
5;234
7;232
17;243
11;242
8;236
8;227
11;229
8;230
14;231
12;238
12;241
14;236
6;226
5;227
9;231
9;230
12;231
11;229
8;233
13;237
11;234
11;235
5;237
5;232
9;236
8;237
8;228
7;224
7;223
9;224
7;220
14;226
6;218
8;214
10;212
7;205
8;207
12;214
12;217
8;216
11;215
10;214
7;213
8;208
5;202
7;198
4;197
6;198
7;196
11;199
10;201
11;205
13;211
4;206
11;210
14;210
15;219
11;222
8;220
13;226
9;227
20;235
9;232
6;230
11;230
11;231
17;241
7;240
14;249
7;249
2;247
13;254
13;260
7;256
4;250
8;247
6;240
16;252
17;258
1;245
3;233
11;233
8;233
12;232
9;232
12;224
7;222
5;221
11;221
11;221
6;210
15;218
7;211
5;209
10;217
10;214
9;210
10;213
13;222
8;222
11;227
6;217
15;215
12;226
11;234
7;230
8;230
14;232
12;235
8;231
6;230
8;233
20;242
6;237
12;243
11;239
10;242
11;248
10;248
13;251
7;249
11;250
13;250
11;253
6;248
11;253
10;248
18;254
15;258
8;259
10;261
10;257
6;251
5;248
7;249
9;250
12;242
10;246
6;240
14;243
10;243
10;242
6;238
7;232
12;237
12;238
11;236
10;235
9;238
7;234
10;234
8;224
8;217
9;218
12;220
15;225
9;228
9;232
17;242
8;241
6;235
8;233
16;243
2;231
7;228
9;227
10;231
6;230
11;229
6;223
4;216
11;217
14;222
9;224
6;220
11;223
11;226
9;226
10;224
12;221
10;222
14;227
16;226
8;226
12;232
12;236
8;228
5;231
9;233
10;234
9;233
9;236
12;237
10;241
7;244
13;246
5;237
8;236
5;235
9;233
13;235
15;241
8;239
6;233
8;231
10;227
15;226
10;228
7;223
13;224
7;223
8;226
16;233
13;236
9;236
5;232
12;232
13;235
10;238
7;232
15;242
15;249
9;253
11;255
6;248
16;249
4;245
7;246
3;241
17;248
5;238
7;235
5;233
13;233
11;237
11;240
11;235
9;231
5;227
5;227
15;230
5;222
6;218
17;228
7;220
9;214
5;210
12;211
8;213
8;205
8;209
7;209
11;217
11;211
14;220
13;226
7;228
6;221
6;216
12;217
12;218
5;214
9;218
14;227
10;222
7;224
8;226
12;221
8;222
2;215
6;216
6;210
9;211
6;209
8;209
12;214
10;213
10;212
13;211
12;210
4;207
10;211
7;212
13;213
7;208
6;209
13;213
10;209
4;203
10;206
6;204
9;201
10;203
15;216
15;225
9;228
17;236
10;240
12;244
16;248
11;249
10;249
11;247
7;242
8;246
9;245
13;251
9;247
13;253
7;254
10;251
9;250
10;256
7;253
11;258
11;260
14;264
4;253
10;248
8;247
9;239
11;240
9;237
9;230
6;225
4;219
8;216
13;222
8;222
7;220
10;217
11;219
10;216
6;215
4;209
9;209
9;208
10;211
7;207
5;201
8;195
9;200
5;195
5;192
10;193
6;188
9;188
10;189
8;191
10;197
11;200
11;198
14;204
16;213
7;210
12;211
7;208
15;217
8;221
10;222
18;231
11;232
7;232
8;235
8;235
11;237
10;242
13;250
4;244
7;245
9;245
10;245
13;250
12;252
10;251
11;251
8;245
9;238
5;236
8;232
12;237
8;230
7;229
9;228
11;221
7;217
9;219
11;222
18;232
12;233
16;239
16;242
9;247
13;253
14;258
11;259
10;256
11;255
14;259
12;260
14;266
6;263
7;265
14;271
8;267
3;262
11;266
7;264
5;258
8;259
6;256
8;253
7;242
8;238
14;236
12;232
6;229
8;224
7;217
15;221
9;220
8;217
6;209
10;207
9;202
9;205
9;207
11;204
11;207
13;217
12;218
12;223
13;231
10;233
14;241
9;242
17;252
6;250
10;246
13;247
11;252
9;253
9;255
9;249
10;250
10;252
3;249
12;251
10;252
7;250
13;254
7;250
11;250
12;249
9;246
8;242
8;237
10;237
5;228
13;232
13;228
9;231
9;230
9;226
6;221
9;221
13;225
9;225
11;226
7;223
7;227
8;223
9;222
4;219
5;211
7;211
5;205
8;201
7;199
7;198
8;198
14;202
9;206
9;202
9;198
8;197
16;204
7;202
6;202
6;199
8;194
10;195
8;192
14;199
13;205
5;202
6;199
10;205
7;207
7;207
6;208
5;205
8;206
20;219
12;223
11;220
6;217
10;218
12;221
8;221
4;209
13;215
8;217
11;222
10;224
13;227
9;228
5;219
6;212
7;214
7;215
15;220
6;219
10;222
13;229
13;237
8;237
7;224
11;223
12;224
12;230
6;226
7;221
8;221
9;226
6;219
11;222
8;219
12;221
14;222
9;222
7;224
8;226
9;228
16;237
11;233
9;236
10;236
11;234
20;241
9;242
7;242
10;241
6;235
6;229
7;230
10;233
11;236
9;236
14;244
9;242
9;243
9;240
9;235
5;231
7;231
10;233
10;234
12;230
11;230
10;231
7;228
13;230
7;217
11;219
16;228
15;233
12;239
7;240
8;241
8;239
11;239
11;241
10;237
9;237
8;236
8;235
11;237
4;236
13;242
10;242
10;242
7;237
5;231
14;235
8;236
12;235
11;239
16;244
11;239
15;239
9;236
12;241
13;246
8;246
10;245
6;240
7;237
10;238
16;246
15;253
12;254
10;260
12;259
15;264
13;267
12;272
12;279
12;277
7;276
5;269
11;269
5;258
5;252
4;241
13;245
11;244
9;240
3;235
11;236
14;244
10;247
8;245
9;238
7;230
6;224
13;227
7;222
7;214
10;211
9;208
11;207
7;202
14;209
8;212
10;211
11;217
8;220
5;221
8;216
12;217
5;213
13;223
11;223
13;222
7;219
12;223
6;220
5;218
5;217
13;217
7;217
7;217
13;220
13;224
9;222
6;221
5;212
13;217
9;216
7;212
5;209
9;213
7;212
3;203
15;213
10;210
17;216
6;209
5;207
18;213
7;214
10;219
15;229
13;229
8;230
5;228
10;225
7;219
14;224
12;230
9;234
11;232
10;233
7;233
8;236
11;238
13;244
7;248
3;236
8;234
8;225
7;226
7;228
8;218
7;218
6;214
6;205
7;199
13;204
11;210
14;214
10;217
9;212
10;210
7;208
12;209
11;210
7;210
16;218
17;224
15;226
8;227
7;231
8;231
6;229
10;232
9;234
6;232
11;236
8;238
6;238
7;238
5;230
14;233
16;235
11;236
8;235
8;233
10;236
7;231
10;230
6;229
8;221
9;213
11;209
11;212
6;211
6;209
11;214
7;211
8;210
9;213
8;210
8;210
7;211
7;211
10;216
7;209
9;202
5;196
8;196
14;202
14;206
7;206
6;202
6;202
14;208
4;203
9;201
14;204
7;205
8;207
13;209
12;214
10;216
7;214
14;220
11;223
7;223
11;227
7;224
8;225
5;221
15;231
15;238
13;237
9;232
10;235
10;239
7;240
8;234
7;237
8;236
16;238
8;239
7;238
10;235
16;239
8;237
4;234
6;226
10;225
10;228
10;227
5;225
13;230
8;233
15;233
8;226
10;223
9;223
7;220
14;224
8;225
10;227
8;228
13;233
12;229
8;229
16;238
10;238
8;230
12;234
8;238
6;238
13;241
14;245
10;245
11;251
8;246
10;248
12;245
5;242
7;239
8;238
11;242
10;238
4;234
6;230
6;228
15;230
8;226
16;234
8;226
13;229
9;230
7;225
9;226
9;229
6;222
8;216
8;214
14;217
12;221
11;222
8;218
4;217
10;220
12;224
9;222
12;224
14;234
16;244
16;254
7;246
6;244
6;234
12;238
8;233
14;238
8;239
7;237
11;239
15;248
11;251
7;250
9;245
13;246
9;244
9;245
8;249
5;244
7;239
7;237
13;238
11;235
15;234
7;225
15;233
15;242
8;244
9;241
7;240
13;239
8;239
5;237
10;236
11;232
16;237
10;240
8;239
2;228
6;225
9;225
5;222
12;229
10;232
9;234
8;229
10;228
7;220
6;219
2;206
12;203
8;203
6;200
7;200
7;194
7;193
9;197
7;194
10;193
8;185
13;188
4;184
4;186
6;186
10;187
9;191
15;194
5;189
11;191
9;192
9;191
7;191
9;194
7;199
3;190
7;189
15;198
10;201
7;201
13;207
9;207
17;217
12;219
12;223
7;217
7;220
18;234
8;236
6;232
6;229
7;221
6;222
11;222
9;222
6;219
9;221
7;219
9;221
9;227
8;228
9;222
12;224
4;221
9;217
13;221
10;214
11;213
14;215
14;222
3;218
8;208
13;213
13;220
14;228
9;230
10;234
6;229
10;230
16;240
10;241
7;241
8;240
9;240
12;244
13;248
16;252
14;262
7;260
8;255
4;249
3;241
9;236
14;236
12;245
6;243
11;241
8;236
8;230
8;229
8;227
7;228
13;231
5;220
11;221
8;222
10;224
8;223
11;222
12;221
15;220
12;218
8;219
20;231
5;232
1;230
11;232
7;225
12;225
10;229
15;233
9;234
6;232
7;231
6;229
7;229
11;227
6;228
9;226
8;226
12;228
7;227
6;222
15;225
13;223
9;220
12;224
15;219
13;227
13;239
8;236
16;245
9;242
4;236
6;227
18;236
8;238
10;241
11;246
18;257
9;255
11;260
11;262
11;265
14;267
7;267
9;270
7;262
13;262
7;260
7;255
6;246
9;242
11;240
12;244
8;236
9;236
11;243
14;251
15;248
15;255
8;253
7;249
10;241
7;239
10;238
11;238
6;233
9;228
17;238
10;239
7;239
14;240
10;243
5;241
9;244
9;244
14;247
11;246
7;245
6;242
8;239
11;236
11;232
10;227
9;228
9;230
5;225
12;230
11;231
7;227
6;227
8;226
12;221
6;217
8;218
7;211
7;208
5;208
15;214
10;215
9;210
14;213
10;216
3;213
6;211
12;212
11;212
10;212
9;212
9;212
9;216
6;210
5;204
8;205
12;211
9;212
8;208
14;216
9;217
4;214
17;224
12;231
10;226
3;219
9;219
5;210
8;208
10;215
12;221
6;215
5;209
6;205
11;207
8;206
8;205
13;212
3;210
5;207
22;217
5;213
5;210
10;206
11;208
7;211
5;199
6;193
8;191
9;197
8;196
8;199
13;204
8;202
13;203
10;207
10;212
11;217
5;211
4;207
6;205
7;199
10;206
9;210
11;199
11;205
10;210
10;210
6;205
6;204
14;213
8;215
11;218
8;217
9;218
4;214
4;205
4;201
7;195
13;198
7;195
13;197
8;200
10;206
9;209
4;206
14;210
14;215
8;212
12;213
6;209
17;216
5;215
8;217
11;214
12;218
13;220
8;220
20;231
11;238
19;253
8;257
12;262
8;257
11;261
9;257
8;257
7;254
10;255
14;265
7;258
5;249
15;256
9;253
12;259
11;253
13;261
6;259
9;257
8;253
6;246
12;250
6;236
8;233
16;230
4;226
7;221
12;225
12;226
8;225
4;221
9;223
11;224
14;224
10;227
16;238
10;233
20;244
12;244
4;237
7;231
4;229
5;225
6;223
10;227
9;224
12;230
13;235
11;230
17;243
12;248
11;247
12;247
11;250
5;251
7;249
4;242
9;237
8;235
14;233
4;227
12;219
15;222
8;226
7;226
7;229
12;236
10;240
11;241
6;238
11;237
5;229
11;229
6;218
6;212
12;213
10;211
8;208
9;212
14;219
12;227
13;231
7;230
12;228
6;230
8;226
12;223
14;229
12;234
6;233
9;230
5;225
10;224
5;223
7;219
8;222
15;226
5;225
14;233
10;231
11;232
4;228
11;230
4;220
12;220
14;221
8;222
12;222
6;222
0;214
8;210
6;202
9;199
5;198
9;198
12;205
9;204
7;206
6;205
5;202
10;197
11;203
4;193
2;185
8;182
6;184
10;183
14;193
3;184
1;171
9;172
7;167
6;167
7;174
8;174
13;181
5;177
10;182
16;189
10;187
9;187
16;196
7;197
10;202
9;201
13;203
7;206
12;216
7;215
12;221
12;223
14;223
7;227
9;235
8;234
11;238
12;244
5;242
8;242
12;241
7;243
14;247
10;241
9;240
16;247
6;237
2;232
14;236
16;243
7;237
8;238
10;236
9;238
13;239
6;233
9;228
9;230
13;234
11;237
15;241
7;236
16;247
10;249
7;244
7;244
5;235
9;234
11;236
12;232
8;234
9;241
8;235
8;227
7;227
14;233
6;229
16;236
7;230
16;240
9;240
11;242
7;236
11;236
11;232
1;226
9;219
10;219
11;223
9;225
13;233
6;230
3;222
13;223
11;226
10;227
13;232
12;236
10;239
9;234
7;235
3;222
4;219
7;210
10;211
10;210
11;214
8;211
15;215
7;221
11;223
7;220
12;221
8;220
10;217
4;215
9;221
14;222
7;218
11;219
11;217
10;215
7;212
7;210
5;208
10;215
13;224
7;224
4;218
13;221
4;214
10;216
9;210
12;215
13;217
9;219
11;218
11;221
6;217
7;220
7;218
12;216
5;214
7;210
8;207
2;199
14;206
2;201
8;204
8;202
12;201
10;204
11;211
10;208
8;212
7;209
13;213
3;204
7;198
6;195
17;201
10;200
4;198
9;200
9;202
10;200
14;209
9;211
9;212
8;218
9;213
10;221
2;215
9;216
13;217
14;221
3;213
15;218
12;222
8;223
7;217
4;218
4;215
10;219
11;213
16;219
5;220
11;222
7;220
7;217
3;206
8;205
10;206
9;207
6;204
6;200
8;206
6;203
7;197
10;193
4;194
6;185
10;183
8;183
15;191
11;198
11;205
12;207
14;210
17;211
8;214
12;215
8;216
10;219
10;226
3;221
8;219
13;223
9;226
6;226
11;229
12;235
10;238
13;241
10;247
6;247
4;241
7;240
8;233
8;230
13;232
13;233
9;228
11;222
13;227
11;226
9;227
10;227
9;226
14;237
7;236
9;232
11;234
13;241
6;236
14;238
9;237
7;231
8;229
8;231
10;237
5;235
8;235
9;236
11;234
10;231
11;233
7;229
11;227
8;224
9;224
8;222
9;222
11;219
10;222
11;224
14;227
3;217
7;218
6;210
14;215
9;217
13;222
11;225
7;222
12;229
12;233
8;232
11;232
6;228
7;224
6;223
12;224
5;221
7;219
4;215
9;215
17;221
8;219
8;216
15;217
15;229
4;226
8;228
10;224
11;226
7;220
9;218
4;215
8;211
14;213
9;214
13;216
11;221
8;222
9;225
15;228
9;232
5;230
11;237
12;240
11;234
16;242
11;245
13;243
6;234
9;239
13;244
9;243
19;251
8;252
11;254
10;260
12;264
10;260
3;254
8;249
3;241
6;239
13;243
15;243
7;241
8;244
9;242
7;237
6;232
19;235
8;232
3;222
6;222
9;222
10;219
13;223
8;212
8;212
8;209
3;202
6;196
8;194
7;198
8;198
13;208
7;209
8;204
6;195
5;193
11;196
9;196
7;196
15;205
8;194
10;196
8;201
8;203
12;206
5;201
4;192
10;194
10;196
11;199
11;207
12;213
8;213
4;210
10;212
4;203
8;204
14;210
12;216
14;225
10;224
5;220
7;220
10;215
11;218
12;220
8;220
9;221
7;216
9;220
8;224
8;222
7;219
11;219
9;217
5;210
10;212
7;215
7;212
4;212
9;213
10;209
10;207
8;201
6;197
7;199
5;197
8;195
9;193
5;186
12;190
11;192
13;198
9;198
7;197
9;198
13;204
4;197
11;199
6;200
13;203
7;203
17;213
6;215
18;224
13;227
8;225
13;230
9;233
12;238
11;244
6;242
15;248
8;251
7;246
11;246
10;243
10;244
3;240
9;240
12;239
15;250
7;246
7;247
14;248
11;252
10;245
11;250
12;244
17;248
3;243
6;236
6;233
9;230
13;232
9;235
10;230
9;231
10;234
8;231
5;226
10;226
16;239
16;246
9;243
6;234
10;237
18;248
7;241
12;242
7;239
5;233
4;225
10;218
7;222
13;229
8;231
13;235
9;231
12;234
9;233
7;231
9;230
15;237
4;236
11;237
8;229
8;221
5;217
8;219
11;220
12;214
7;214
10;212
8;213
14;222
9;227
8;225
12;230
7;224
5;221
10;218
12;221
16;225
13;229
9;231
8;230
5;220
12;228
7;224
13;229
5;226
7;228
10;230
12;231
10;229
15;237
12;239
6;237
4;227
10;228
6;226
3;217
6;216
12;223
6;219
14;221
11;216
10;213
6;210
11;213
5;213
8;209
7;209
13;209
12;216
11;220
11;221
10;219
9;218
9;212
9;209
6;209
17;222
8;220
8;222
6;225
9;228
9;225
11;230
13;229
12;230
16;236
10;240
7;236
7;238
7;237
12;242
7;236
14;238
16;243
7;239
10;239
7;237
8;236
8;235
11;240
7;230
6;228
12;232
12;238
16;245
10;246
6;241
12;240
7;235
15;234
11;235
9;237
5;235
14;242
10;240
8;241
6;233
10;227
12;232
8;230
17;240
7;239
13;244
6;239
6;238
9;241
8;237
9;234
9;227
5;222
10;226
9;223
6;222
10;217
15;221
5;217
11;223
6;215
13;218
10;220
6;220
15;225
7;220
5;217
5;205
12;210
20;217
13;224
9;227
12;230
11;233
7;231
10;232
13;240
12;242
10;243
6;243
13;246
6;237
3;235
6;230
6;230
13;230
12;232
8;234
11;230
8;231
9;235
6;236
9;233
10;223
6;216
10;217
9;214
8;211
11;215
16;221
8;216
8;212
9;211
11;216
10;213
6;213
11;221
7;222
10;226
7;220
11;219
3;214
11;214
15;221
12;224
10;228
16;235
10;235
13;242
8;240
9;240
9;241
8;238
7;229
9;230
6;228
14;233
15;237
8;235
11;240
9;238
7;238
9;237
14;244
9;242
8;247
9;245
9;239
8;235
7;232
4;220
9;219
10;216
12;220
13;224
14;229
9;230
3;226
7;224
14;232
10;228
6;219
11;222
10;221
9;221
11;225
12;228
9;223
19;233
8;233
6;230
9;230
5;227
7;227
4;227
8;226
7;223
14;225
11;223
6;215
11;217
9;223
7;223
6;215
8;213
9;216
5;210
12;212
4;207
4;200
6;194
8;193
10;184
7;183
17;194
10;195
10;200
5;198
5;199
7;198
8;199
11;196
9;194
7;195
5;189
8;188
8;189
6;189
10;191
10;192
11;198
16;202
14;212
13;221
7;222
8;222
10;222
12;227
7;217
6;213
8;211
10;216
9;220
6;219
9;220
11;220
15;226
3;222
7;224
12;228
12;232
11;237
9;236
9;235
7;231
10;225
10;221
12;220
13;226
2;220
11;221
6;215
6;214
7;215
9;216
12;218
10;219
6;219
11;221
11;221
9;215
14;226
10;229
9;226
4;218
7;214
13;218
10;219
9;221
8;219
11;220
10;218
15;220
9;227
9;225
10;229
7;230
11;234
7;232
10;230
8;228
10;232
10;231
13;233
12;236
11;233
7;230
12;233
11;240
7;240
13;240
8;238
6;235
14;241
12;242
6;238
7;230
9;230
3;224
13;227
8;228
10;227
12;232
7;229
12;233
9;232
4;226
12;225
7;220
9;218
8;219
9;216
10;215
4;212
8;207
10;209
13;216
6;208
7;203
5;202
8;203
7;201
9;207
4;198
8;198
8;196
5;189
12;194
8;190
6;187
6;189
11;188
10;191
12;194
12;198
9;198
17;205
6;207
9;208
4;202
18;207
9;210
14;217
16;228
11;231
6;230
15;236
9;241
5;238
11;241
5;241
10;239
15;246
10;250
13;257
10;256
11;257
3;248
10;246
12;249
4;236
8;238
5;234
15;245
4;231
8;230
11;227
7;218
10;217
9;220
7;212
12;215
11;221
9;219
8;222
7;219
10;214
11;215
8;210
9;209
9;207
7;211
10;211
6;205
7;208
10;210
11;216
15;216
12;224
10;226
9;224
4;221
7;218
11;220
15;228
5;221
10;220
6;217
5;214
13;220
8;218
8;215
11;218
8;217
4;212
11;216
6;212
11;217
4;214
8;212
7;208
8;201
9;198
10;198
4;193
9;198
8;199
8;196
8;189
11;195
10;195
6;195
15;205
2;194
20;206
12;210
5;204
8;204
8;208
12;209
11;214
4;207
10;213
6;211
8;212
10;214
8;213
8;211
7;214
7;212
7;211
7;210
11;213
12;214
11;215
4;213
9;207
12;217
10;207
14;209
12;216
8;216
5;213
10;211
10;210
4;210
7;207
8;209
11;212
10;212
14;218
12;222
6;221
8;222
12;227
11;231
10;230
9;227
3;219
7;222
9;222
6;216
12;218
12;216
12;216
5;213
13;221
12;223
15;228
7;231
12;236
11;239
9;237
6;233
10;229
9;226
9;229
13;234
10;232
7;228
12;230
12;233
8;238
6;237
11;239
7;240
7;235
13;236
7;231
17;243
10;240
7;235
5;225
4;222
13;223
13;225
10;226
10;230
16;236
6;233
9;233
8;228
11;229
16;238
5;231
11;230
9;231
4;229
4;222
6;221
5;219
8;214
7;214
7;204
8;202
10;205
11;211
4;211
17;215
15;217
6;213
13;216
8;208
9;211
9;211
5;208
8;205
6;195
10;200
10;199
9;199
8;203
9;208
6;208
8;211
8;211
9;213
6;212
12;216
9;215
12;216
4;216
15;214
12;211
12;217
9;213
7;212
10;213
4;208
7;210
12;214
6;214
17;221
10;221
7;219
10;221
8;220
8;222
14;228
13;233
13;237
5;236
12;236
9;236
6;230
9;235
9;229
12;229
11;228
11;230
7;230
12;232
10;238
8;239
10;237
6;237
9;229
10;229
6;228
12;230
4;226
8;226
10;222
14;223
3;213
12;220
6;214
14;219
7;220
7;218
5;214
6;208
12;209
6;204
8;205
7;200
7;197
6;195
10;195
6;195
12;198
6;194
8;196
7;191
4;191
8;191
9;190
7;183
13;193
9;190
5;189
5;180
10;183
13;189
11;195
15;204
10;202
12;208
13;213
15;221
11;225
9;228
8;226
6;226
8;222
6;222
11;225
15;233
9;238
12;242
11;244
5;242
10;239
6;236
11;242
10;247
5;242
12;241
9;239
6;230
9;229
11;228
7;222
12;219
11;219
3;213
8;213
8;215
9;216
11;221
4;214
8;207
9;207
15;210
11;210
7;212
10;212
9;215
5;209
11;210
6;211
1;200
10;201
4;199
10;200
9;198
11;202
8;198
11;198
5;200
11;203
10;205
7;203
11;203
6;205
13;210
8;209
12;206
14;209
13;215
14;219
12;222
8;225
10;224
12;230
10;239
6;235
6;237
9;236
7;234
14;237
10;239
13;241
11;247
11;247
14;251
11;255
3;247
12;253
8;248
9;249
8;245
7;238
4;229
9;224
9;221
7;220
10;220
6;214
13;217
3;214
2;210
15;216
8;217
3;206
5;201
6;194
10;193
10;192
10;188
3;180
8;185
6;179
12;183
8;182
12;186
12;191
9;196
8;195
6;192
4;189
5;184
9;187
9;183
7;187
6;191
8;184
10;186
12;195
6;196
11;201
6;197
5;192
13;195
8;200
5;197
12;203
19;210
15;217
13;218
6;212
7;210
13;215
10;219
10;225
12;232
7;230
11;232
6;231
14;239
10;241
10;241
9;238
10;242
8;239
9;242
13;250
9;246
11;249
7;251
7;246
8;235
8;228
8;223
5;222
8;223
5;215
8;213
5;208
8;204
7;204
8;201
10;205
10;201
15;206
5;201
10;202
5;197
10;199
9;199
9;195
10;196
12;197
7;197
11;201
8;201
21;214
6;212
14;221
9;222
9;226
8;226
14;235
12;239
11;243
8;243
9;242
15;247
8;240
9;244
11;245
11;251
7;248
11;250
4;245
8;243
8;239
12;244
12;245
11;248
18;245
12;251
22;259
8;258
4;253
8;253
5;244
13;245
14;248
13;253
7;251
6;242
15;249
13;253
8;250
9;248
10;251
4;244
7;247
8;247
5;244
5;237
10;235
12;236
10;228
8;224
14;216
12;220
9;225
12;229
6;230
10;227
6;219
11;217
10;220
15;229
6;220
9;216
12;220
14;225
18;233
12;241
8;242
7;241
5;241
11;247
11;248
10;246
10;246
7;245
10;241
9;238
10;239
7;234
6;234
15;239
11;244
15;248
13;251
12;248
12;254
10;255
5;248
10;244
7;233
7;228
13;233
11;237
7;239
7;235
15;239
8;237
8;235
15;243
6;239
14;244
12;246
10;249
13;256
4;245
8;242
14;241
4;232
5;225
8;221
4;215
21;231
12;233
8;234
12;239
7;233
4;226
7;226
9;228
8;221
14;227
8;227
12;224
14;232
10;228
6;222
6;218
7;212
10;218
5;215
14;215
7;218
8;221
11;224
9;229
3;211
11;210
9;211
9;208
7;208
12;216
8;217
6;214
9;215
11;212
8;212
9;209
9;204
20;214
4;212
6;212
19;224
5;219
11;225
15;226
5;224
7;223
8;220
8;219
12;228
11;228
5;224
14;229
14;236
11;235
10;237
12;243
10;244
12;245
5;242
14;247
7;245
7;232
6;234
13;241
8;230
5;230
10;229
9;223
15;233
8;234
10;236
13;241
7;236
10;235
7;237
8;231
3;220
12;221
6;217
10;215
13;218
8;214
6;215
5;206
6;205
4;202
9;205
16;208
5;205
16;216
6;212
8;211
4;200
9;201
8;199
10;196
5;194
6;190
7;190
8;190
7;194
7;189
12;195
6;191
9;187
9;188
15;197
20;212
5;211
6;213
5;209
10;203
7;205
9;198
8;200
7;199
7;202
5;198
12;202
9;201
6;202
8;204
7;204
10;206
7;206
17;216
10;214
8;216
8;215
12;218
10;213
6;199
13;207
13;214
9;218
7;215
13;221
10;222
7;221
2;216
7;216
4;215
8;211
12;214
18;226
10;228
6;227
15;232
11;236
5;224
10;224
11;227
12;231
8;227
6;223
7;224
4;215
8;210
10;211
9;213
8;208
17;215
15;223
10;231
13;237
12;245
11;248
10;246
9;237
15;242
7;243
5;233
7;229
10;234
8;232
4;225
9;222
10;224
5;223
8;224
9;229
7;228
6;224
10;225
6;223
11;217
11;213
6;209
4;200
12;200
8;197
12;199
10;200
13;198
3;194
12;201
12;206
8;204
13;209
15;220
6;217
3;210
4;209
10;211
15;217
8;218
10;222
8;220
6;220
9;218
8;215
6;215
11;222
9;219
6;217
7;212
13;215
9;211
12;220
5;213
12;213
10;215
12;214
13;212
8;214
8;219
8;223
6;219
4;208
14;214
2;206
12;210
9;213
9;213
12;217
17;228
10;227
12;230
8;232
11;236
9;232
11;234
12;234
10;239
6;233
8;231
10;229
10;226
9;227
6;225
9;226
6;226
10;232
9;227
7;232
7;227
13;231
16;238
10;236
10;229
6;225
11;224
18;234
11;234
12;237
13;239
12;239
7;236
11;241
5;238
9;237
13;240
9;240
16;250
9;250
5;249
12;251
10;252
5;250
5;248
6;241
10;235
11;236
10;236
8;238
10;237
14;233
13;235
9;232
9;228
19;235
5;233
7;229
16;240
10;241
8;236
14;241
11;236
10;237
10;242
11;241
13;244
11;250
8;253
11;258
11;259
12;260
7;257
12;261
12;263
3;252
10;249
9;249
14;254
14;249
14;258
8;259
4;247
9;246
10;248
9;243
8;240
3;233
8;231
11;231
4;222
12;223
7;222
10;221
9;219
4;211
9;213
17;218
13;219
3;219
9;218
11;220
11;217
12;215
9;210
9;211
14;221
10;222
17;229
4;224
9;225
9;231
11;234
12;235
9;240
9;237
10;240
6;236
10;237
13;246
10;247
7;237
12;236
16;249
4;244
12;245
10;244
8;240
6;237
6;234
10;230
11;231
10;224
14;234
8;233
4;228
8;225
8;221
9;221
11;223
14;227
11;232
10;232
6;225
11;226
5;224
5;217
13;214
7;217
12;217
10;217
17;226
16;236
9;239
5;234
14;237
9;236
12;234
10;236
7;239
6;237
5;234
5;230
5;224
9;219
9;217
7;214
21;229
11;229
11;235
5;235
14;236
4;233
7;228
9;227
13;223
4;211
7;209
10;214
3;203
14;208
11;207
8;205
11;209
7;210
9;214
8;217
7;219
15;225
9;225
7;225
12;216
8;213
16;218
16;229
12;227
11;234
16;243
9;243
10;240
5;241
4;238
10;238
8;243
10;239
10;238
10;240
12;241
4;238
8;237
11;240
9;242
12;239
9;239
4;236
11;235
6;233
12;229
9;222
10;220
9;218
16;218
15;224
5;219
6;220
2;218
6;214
6;212
9;211
7;208
14;212
11;211
16;223
10;225
4;218
12;221
8;217
7;215
19;230
8;227
7;228
5;221
6;218
10;218
5;214
7;205
9;199
17;211
10;215
11;224
8;226
10;230
8;229
7;229
15;230
6;225
11;220
5;215
8;219
11;218
13;223
10;226
12;219
12;223
7;223
8;226
8;228
8;226
10;231
13;237
14;242
4;229
5;224
13;226
15;233
8;231
12;235
12;240
7;232
8;234
11;234
8;237
5;234
9;232
5;224
8;222
10;220
9;217
5;215
5;212
7;211
12;215
15;220
11;218
12;216
10;222
4;221
8;216
11;212
8;212
6;206
13;207
5;205
9;206
6;201
11;204
10;209
4;204
13;212
9;213
9;212
6;209
8;212
4;211
8;212
10;210
4;199
13;201
11;200
8;198
6;200
7;199
13;201
8;201
16;211
5;203
5;203
7;201
8;203
7;199
14;203
9;208
10;205
7;203
9;203
14;211
7;210
14;220
5;217
11;218
8;222
7;216
7;212
9;213
19;226
14;233
12;232
16;240
14;238
12;245
13;253
6;252
9;253
17;263
8;257
6;254
8;252
14;259
8;258
3;247
8;248
7;241
13;249
9;247
11;250
5;248
9;250
8;249
9;239
12;237
16;241
12;237
5;228
13;229
13;229
7;230
7;228
9;220
16;228
13;235
8;235
14;235
6;233
15;245
7;244
5;242
6;235
4;230
9;228
8;231
14;236
9;237
12;240
8;236
8;228
16;232
5;232
11;230
10;227
7;227
12;232
6;229
18;231
6;224
8;224
12;222
8;224
7;216
7;216
6;217
8;219
10;225
14;230
4;226
9;221
9;221
13;222
7;221
7;220
8;212
6;213
9;211
8;209
11;213
10;211
10;215
5;202
10;206
13;211
4;203
9;204
12;209
12;214
10;218
13;223
8;221
8;215
5;216
8;215
8;214
13;214
8;215
8;216
6;214
9;217
6;214
9;215
9;213
9;212
13;215
9;219
5;214
8;209
7;212
12;215
10;213
6;207
1;198
13;198
6;196
5;193
8;196
18;206
14;212
7;206
15;213
9;214
8;216
12;219
3;216
8;215
8;214
8;213
8;208
6;205
12;212
26;230
11;234
10;232
7;229
9;232
11;242
13;242
9;245
8;248
13;253
4;239
11;236
16;245
5;235
6;232
14;238
14;240
12;249
13;254
4;250
10;252
9;253
12;259
16;263
9;246
11;246
15;251
13;257
7;255
14;258
6;251
10;252
18;262
11;260
11;267
13;269
11;264
12;271
8;273
11;270
12;268
8;264
11;262
11;269
11;270
7;268
9;265
15;264
13;268
11;268
15;268
11;266
10;269
10;265
5;264
15;269
12;263
10;262
6;257
6;250
9;248
6;242
8;242
7;238
5;231
12;235
10;234
5;228
3;220
2;215
10;216
8;209
7;203
8;200
5;190
11;190
12;192
11;193
7;195
13;193
8;189
7;186
10;190
8;192
14;197
14;205
11;208
9;210
8;213
5;206
4;200
11;206
16;219
15;232
9;231
11;234
8;235
5;232
6;233
9;231
16;235
7;231
13;237
8;232
7;231
7;231
11;232
4;228
7;221
10;217
8;214
14;219
11;222
12;229
9;234
14;237
8;229
14;228
13;232
9;230
13;235
12;242
15;251
7;249
11;244
9;246
10;243
10;245
7;245
8;246
8;243
11;250
12;255
9;254
13;259
13;258
8;255
16;259
12;262
10;258
6;256
8;250
5;242
12;245
13;245
8;241
6;232
8;233
6;228
9;228
11;229
8;227
9;229
7;228
7;227
7;223
11;222
9;222
3;212
11;210
18;220
7;211
15;214
12;216
10;220
11;223
6;224
14;226
13;226
13;231
9;234
18;244
10;248
3;242
6;237
13;242
10;243
8;244
10;247
12;252
5;246
9;246
3;246
12;247
7;236
10;239
16;240
5;233
8;231
13;233
16;243
14;243
11;241
9;237
5;233
5;220
10;220
10;227
11;232
11;230
9;229
2;223
7;220
15;223
7;225
9;225
3;225
6;219
8;220
12;222
10;216
10;221
10;223
7;217
8;209
8;203
8;200
8;199
11;205
17;217
12;219
11;220
14;223
10;222
7;220
4;222
11;226
10;221
10;224
6;221
9;227
12;233
13;238
6;232
5;227
7;224
10;224
7;224
13;229
9;230
8;230
16;238
13;240
13;236
9;233
10;232
8;226
11;227
15;235
13;244
11;244
12;246
7;243
7;244
12;247
6;241
12;240
8;242
7;244
7;244
5;239
3;235
6;228
11;230
9;231
15;230
4;221
13;221
9;221
9;220
7;219
11;219
11;215
10;212
8;209
11;208
8;209
9;211
10;209
6;209
5;202
6;200
12;205
3;201
10;206
5;208
11;213
7;209
7;207
7;199
14;209
8;204
8;203
10;204
7;204
15;208
5;202
5;197
8;197
10;196
8;196
9;196
10;196
11;201
13;209
9;212
4;204
7;208
3;201
7;203
13;205
7;205
12;210
8;211
11;208
13;213
10;215
11;216
19;228
5;218
11;224
7;226
7;225
8;223
9;224
8;223
9;222
7;218
8;213
10;214
10;220
8;221
6;224
13;230
11;228
11;232
4;224
10;226
5;220
11;218
10;218
8;215
10;206
9;210
6;205
6;204
7;204
9;205
8;204
8;204
7;202
5;200
14;206
13;209
13;212
9;213
11;218
10;215
9;213
6;208
17;221
14;225
18;238
13;240
15;245
9;246
12;248
8;247
14;255
14;263
13;269
5;265
13;270
11;273
11;277
5;277
12;275
17;279
7;273
10;274
7;270
8;268
6;265
7;266
4;253
13;252
15;249
5;241
11;237
10;238
14;240
9;241
10;237
15;238
13;238
11;244
3;234
11;234
12;235
16;246
19;253
3;239
9;241
19;250
8;251
8;251
6;251
8;252
8;256
9;252
15;252
7;254
5;248
6;244
9;239
10;240
6;236
9;230
16;233
7;229
8;234
8;231
11;230
6;220
11;212
11;220
13;224
12;217
9;218
13;223
13;230
6;228
8;228
13;232
14;231
8;232
11;238
4;236
13;240
14;244
13;251
9;251
9;244
14;251
15;258
7;257
10;256
7;257
10;256
5;250
9;246
5;239
12;242
12;241
12;240
8;242
11;245
10;242
9;237
13;242
12;243
6;245
16;248
10;244
7;238
7;236
10;237
11;234
11;230
8;231
11;232
4;229
4;223
9;227
9;227
9;231
13;232
7;227
8;223
3;218
15;222
7;219
6;216
13;216
8;212
12;218
7;209
4;203
9;205
13;211
12;213
4;206
8;203
4;199
14;202
16;214
13;223
12;226
13;230
6;227
7;221
8;222
10;224
15;236
9;230
4;227
14;235
10;232
10;234
5;227
10;230
11;237
9;237
5;229
10;227
17;240
15;247
12;255
2;243
16;243
11;241
10;239
8;234
17;245
13;251
8;251
14;255
15;255
9;255
10;261
8;255
11;256
7;253
12;260
6;256
6;251
10;252
7;254
8;252
10;245
8;238
9;235
13;246
12;242
11;242
10;242
15;249
7;239
11;237
6;235
11;232
10;227
10;228
7;225
9;226
13;228
12;233
11;232
9;235
8;237
11;238
9;240
6;238
10;238
7;237
12;240
9;236
12;236
12;237
11;238
11;234
9;236
8;233
7;234
8;231
5;226
8;224
6;223
7;221
5;213
12;213
11;213
3;207
6;205
7;201
6;198
12;204
11;205
8;206
4;198
6;195
7;190
10;188
11;188
8;185
13;189
5;186
11;190
6;188
16;199
9;200
6;200
5;198
11;204
5;197
12;198
8;203
11;208
4;205
10;209
8;205
7;201
10;203
7;206
10;210
8;211
8;209
6;204
10;206
10;203
6;204
9;202
11;207
13;204
14;209
10;213
13;221
10;220
7;222
11;221
10;223
9;221
13;230
11;231
5;228
10;231
9;230
8;231
9;230
8;230
7;229
5;228
8;226
17;233
10;237
11;239
8;236
8;231
9;226
11;227
6;220
13;223
3;219
7;215
13;218
13;222
9;218
10;217
9;221
9;220
12;223
10;225
11;227
14;233
6;232
11;238
10;240
8;231
5;226
9;224
5;221
9;222
11;224
7;220
9;223
8;218
13;228
11;232
7;226
10;223
11;225
6;221
7;219
7;217
11;216
10;216
10;215
7;208
9;211
2;202
14;206
13;211
5;211
9;211
8;214
9;214
10;213
7;213
6;210
12;214
11;212
7;208
10;211
11;212
8;209
8;211
7;211
18;222
8;219
9;218
10;218
10;221
12;224
10;232
4;222
11;220
4;219
8;218
8;218
14;223
8;221
12;226
9;229
11;228
11;228
9;230
10;230
8;227
7;226
11;229
9;231
15;228
7;227
12;230
9;229
10;229
5;222
8;220
9;225
9;223
6;225
18;235
5;232
6;224
9;225
12;225
3;219
7;215
13;217
6;214
10;214
7;213
8;214
14;217
6;214
13;212
4;209
9;206
15;212
9;211
10;216
10;218
6;215
9;215
15;224
7;213
9;217
13;224
16;231
5;224
11;232
14;239
8;234
8;236
8;234
5;232
9;233
8;227
7;228
13;228
3;227
6;224
8;217
9;217
10;217
6;213
3;210
9;210
7;202
10;205
5;201
4;192
18;194
8;197
12;198
1;185
17;194
14;200
6;198
5;198
4;193
8;193
13;199
13;199
12;208
8;210
11;213
16;220
14;224
4;222
7;226
10;227
6;226
10;226
10;231
6;233
10;225
8;225
12;225
4;228
8;219
8;213
1;208
12;215
3;214
17;223
13;223
15;225
9;222
12;226
6;221
9;214
9;209
7;212
13;218
8;216
8;218
10;218
14;222
9;225
8;223
14;229
7;224
14;234
5;231
8;231
12;242
10;240
10;247
9;239
7;233
7;225
7;223
7;218
7;219
13;223
9;223
8;224
13;224
9;225
10;227
7;224
8;218
12;221
10;223
5;214
7;214
3;203
15;213
10;215
8;211
8;209
8;207
8;206
8;207
10;210
11;214
8;215
9;217
7;211
16;218
9;219
8;214
14;219
9;218
10;221
13;226
7;221
13;224
5;224
21;238
15;250
8;243
16;249
10;251
10;253
12;257
6;255
9;256
8;254
5;248
14;254
12;257
10;260
10;254
5;250
9;251
10;247
7;245
7;242
8;237
9;239
9;235
4;234
3;216
18;219
15;226
1;211
11;212
11;213
9;210
8;212
10;213
6;211
8;214
4;204
12;204
6;200
9;199
4;198
12;201
6;197
8;198
5;196
12;200
8;199
7;197
8;201
7;205
6;193
6;184
8;191
5;185
8;182
16;189
10;191
10;191
8;193
11;196
14;206
13;207
7;208
4;203
17;216
8;212
10;216
8;216
10;221
11;220
5;217
6;216
10;218
11;222
7;223
12;229
13;234
8;237
8;237
10;231
11;232
9;231
6;229
12;230
10;226
9;222
9;224
10;230
10;223
7;222
13;225
9;226
6;222
12;223
7;225
8;227
9;226
4;219
7;219
11;218
5;210
10;212
11;215
11;216
8;213
9;213
10;217
9;214
6;210
14;215
9;215
5;210
10;210
6;209
10;206
12;209
10;213
11;212
9;214
13;219
10;220
6;222
11;226
10;225
8;228
13;231
8;228
6;223
15;230
6;227
8;225
5;221
4;219
9;214
9;214
5;214
15;219
15;228
10;228
15;231
10;231
4;224
10;225
15;227
11;228
8;230
24;243
9;242
11;245
6;238
3;233
5;232
13;230
4;228
18;238
9;242
12;250
9;250
11;252
12;259
6;250
14;249
6;245
10;240
9;239
9;244
11;245
12;242
8;239
11;242
16;234
5;230
13;232
12;238
12;247
11;253
10;250
11;257
9;248
15;254
17;259
10;260
6;255
8;251
5;250
4;240
10;244
14;248
12;251
13;255
9;253
7;248
8;248
6;243
6;233
2;230
14;231
12;231
4;223
12;224
7;221
13;223
6;220
13;218
10;211
6;207
10;211
9;212
8;215
9;220
6;216
8;210
9;207
9;203
13;207
8;208
9;209
3;206
6;206
13;217
9;212
7;207
4;207
11;206
4;203
10;200
7;201
11;199
5;194
8;196
4;190
8;189
6;187
6;184
4;182
7;181
11;183
15;189
11;187
11;190
9;190
11;198
4;196
9;192
3;186
8;187
5;188
11;188
12;196
9;195
8;196
9;194
6;195
9;196
8;200
13;205
16;215
9;218
7;221
12;226
5;220
12;217
6;212
7;208
10;209
8;206
9;211
6;208
8;213
10;215
7;217
11;217
5;210
8;209
7;208
14;213
9;216
10;217
12;221
6;214
5;203
9;203
7;203
6;197
8;200
7;195
11;200
7;200
10;200
23;215
9;215
7;216
10;218
7;215
13;221
9;219
8;222
8;222
4;219
6;211
13;215
10;215
7;210
9;213
11;219
9;219
14;226
4;224
8;224
11;228
7;224
6;223
7;220
12;209
13;213
11;217
10;217
3;213
11;211
11;213
2;207
10;209
7;212
5;211
9;207
11;208
6;207
19;217
9;215
10;216
7;209
13;218
10;220
18;227
10;230
9;233
7;233
6;227
11;225
10;224
11;225
10;232
9;230
13;232
10;240
7;237
6;236
8;239
9;239
10;238
9;241
11;233
14;238
6;234
4;231
14;232
12;234
10;226
6;222
8;221
13;227
6;227
8;224
13;227
7;223
7;220
10;221
13;221
6;217
15;225
11;230
6;228
6;225
8;223
7;221
15;225
6;217
9;220
14;230
8;224
12;224
9;223
2;219
4;215
9;211
10;215
12;219
19;225
8;226
10;229
9;228
17;232
10;236
12;233
3;225
5;224
14;232
7;231
9;233
16;234
12;240
11;242
16;244
9;245
14;247
13;251
9;258
9;263
13;267
5;262
13;263
12;256
12;260
13;263
12;266
7;256
11;257
6;251
12;260
5;260
7;253
5;251
9;251
9;244
9;241
13;243
10;237
8;236
15;237
16;240
9;240
7;238
17;242
11;248
10;245
5;238
12;238
8;233
6;227
10;230
9;228
13;235
7;230
10;235
6;234
4;233
8;232
7;230
3;224
7;218
6;214
10;216
13;214
13;211
9;211
10;214
11;208
11;208
7;205
9;209
5;202
10;204
13;211
6;207
7;205
6;198
11;202
6;198
5;197
15;208
9;209
7;209
8;214
6;213
8;215
14;219
4;210
3;200
5;196
10;196
7;192
8;189
13;195
9;195
13;203
10;203
6;196
5;195
6;194
10;198
5;192
12;198
10;203
10;198
8;197
8;198
16;206
11;211
4;207
9;202
4;202
9;208
9;212
8;210
7;210
13;215
8;210
6;207
9;203
13;206
9;209
4;208
10;212
9;211
16;222
16;226
9;225
16;231
11;234
6;232
4;220
5;214
13;223
8;222
5;223
6;220
6;217
9;218
6;217
7;211
8;211
10;215
11;217
11;215
6;212
10;218
11;219
10;220
13;217
8;209
8;208
6;198
7;194
9;197
7;200
11;206
7;200
10;202
5;202
10;206
10;210
8;209
14;217
5;215
10;217
13;220
8;217
10;216
6;216
18;224
7;220
9;219
4;210
4;206
7;205
12;211
5;209
7;207
5;205
5;199
8;200
6;196
13;204
7;201
7;198
8;198
6;190
12;197
19;206
12;205
10;207
6;203
12;209
6;197
14;204
7;202
8;206
9;211
5;209
12;209
13;217
13;223
8;226
10;231
5;228
12;234
10;231
13;237
12;242
9;243
8;245
7;240
9;230
9;227
3;220
10;224
11;223
10;227
14;227
8;228
6;226
15;232
11;238
11;237
16;240
7;234
14;240
15;245
7;247
5;240
8;238
11;236
5;229
7;227
9;228
9;230
9;230
7;228
13;238
4;232
14;235
12;237
8;231
10;233
11;238
5;228
9;226
14;229
7;220
6;219
11;216
6;207
16;216
9;220
4;216
16;221
10;226
9;228
11;230
10;231
7;229
3;225
14;226
11;233
5;224
11;223
9;224
3;217
9;215
8;218
9;218
7;211
17;221
3;218
11;218
7;219
17;220
7;218
12;226
13;223
11;224
6;221
6;216
6;212
7;212
11;220
14;220
12;221
11;227
6;222
14;227
12;236
7;234
9;235
6;232
10;235
8;226
9;232
5;226
8;227
7;217
9;219
8;215
9;211
10;210
7;211
10;215
9;218
6;217
9;215
7;208
7;203
17;209
12;215
11;212
7;207
16;216
7;214
11;219
10;219
16;227
8;226
7;228
13;233
12;238
9;238
18;248
4;243
7;240
8;241
12;243
9;243
12;249
3;243
15;251
13;257
9;249
7;244
14;247
4;244
5;233
6;232
11;232
14;236
11;231
13;236
8;237
12;236
11;235
7;233
9;224
10;230
5;228
6;226
8;222
11;224
7;219
10;226
13;224
7;218
13;222
4;219
11;216
8;220
8;223
6;223
6;218
11;215
12;216
10;213
7;212
10;210
6;205
7;205
7;203
13;206
9;210
9;213
