;Datenpunkt;Luftgütesensor 2.AQ_GAS_RESISTANCE_RAW;Luftgütesensor 2.MY_HUMIDITY;Luftgütesensor 2.TEMPERATURE
;Einheit;Ohm;%;°C
Zeitstempel;Status;Wert;Wert;Wert
28.12.2020 07:15:00,000;2;282.720;37,3;23,5
28.12.2020 07:18:21,995;2;282.720;37,3;23,5
28.12.2020 07:18:22,005;2;282.720;37,3;23,5
28.12.2020 07:18:22,011;2;285.240;37,3;23,5
28.12.2020 07:22:44,374;2;285.240;37,3;23,5
28.12.2020 07:22:44,384;2;285.240;37,3;23,5
28.12.2020 07:22:44,390;2;288.620;37,3;23,5
28.12.2020 07:27:06,763;2;288.620;37,3;23,5
28.12.2020 07:27:06,767;2;288.620;37,3;23,5
28.12.2020 07:27:06,773;2;292.000;37,3;23,5
28.12.2020 07:31:29,150;2;292.000;37,3;23,5
28.12.2020 07:31:29,154;2;292.000;37,4;23,5
28.12.2020 07:31:29,160;2;292.320;37,4;23,5
28.12.2020 07:35:51,560;2;292.320;37,4;23,5
28.12.2020 07:35:51,570;2;292.320;37,5;23,5
28.12.2020 07:35:51,577;2;292.220;37,5;23,5
28.12.2020 07:40:13,949;2;292.220;37,5;23,5
28.12.2020 07:40:13,953;2;292.220;37,6;23,5
28.12.2020 07:40:13,960;2;305.560;37,6;23,5
28.12.2020 07:48:58,711;2;305.560;37,6;23
28.12.2020 07:48:58,720;2;305.560;33,9;23
28.12.2020 07:48:58,726;2;403.820;33,9;23
28.12.2020 07:53:20,977;2;403.820;33,9;22,5
28.12.2020 07:53:20,980;2;403.820;33,6;22,5
28.12.2020 07:53:20,987;2;449.660;33,6;22,5
28.12.2020 07:57:43,215;2;449.660;33,6;22
28.12.2020 07:57:43,226;2;449.660;34,1;22
28.12.2020 07:57:43,234;2;481.240;34,1;22
28.12.2020 08:02:05,411;2;481.240;34,1;21,7
28.12.2020 08:02:05,414;2;481.240;34,8;21,7
28.12.2020 08:02:05,422;2;498.680;34,8;21,7
28.12.2020 08:06:27,617;2;498.680;34,8;21,8
28.12.2020 08:06:27,622;2;498.680;35,6;21,8
28.12.2020 08:06:27,629;2;512.700;35,6;21,8
28.12.2020 08:10:49,837;2;512.700;35,6;22
28.12.2020 08:10:49,848;2;512.700;35,8;22
28.12.2020 08:10:49,856;2;520.320;35,8;22
28.12.2020 08:15:12,087;2;520.320;35,8;22,3
28.12.2020 08:15:12,098;2;520.320;35,9;22,3
28.12.2020 08:15:12,108;2;523.860;35,9;22,3
28.12.2020 08:19:34,346;2;523.860;35,9;22,5
28.12.2020 08:19:34,356;2;523.860;36,4;22,5
28.12.2020 08:19:34,362;2;528.320;36,4;22,5
28.12.2020 08:23:56,603;2;528.320;36,4;22,6
28.12.2020 08:23:56,611;2;528.320;36,6;22,6
28.12.2020 08:23:56,618;2;536.300;36,6;22,6
28.12.2020 08:28:18,861;2;536.300;36,6;22,2
28.12.2020 08:28:18,866;2;536.300;35,4;22,2
28.12.2020 08:28:18,872;2;546.660;35,4;22,2
28.12.2020 08:32:41,047;2;546.660;35,4;21,8
28.12.2020 08:32:41,056;2;546.660;35,3;21,8
28.12.2020 08:32:41,060;2;558.820;35,3;21,8
28.12.2020 08:37:03,216;2;558.820;35,3;21,4
28.12.2020 08:37:03,229;2;558.820;35,5;21,4
28.12.2020 08:37:03,236;2;565.080;35,5;21,4
28.12.2020 08:41:25,421;2;565.080;35,5;21,3
28.12.2020 08:41:25,432;2;565.080;36,3;21,3
28.12.2020 08:41:25,439;2;564.820;36,3;21,3
28.12.2020 08:41:27,377;2;564.820;36,3;21,3
28.12.2020 08:41:27,387;2;564.820;36,3;21,3
28.12.2020 08:41:27,393;2;564.820;36,3;21,3
28.12.2020 08:41:29,683;2;564.820;36,3;21,3
28.12.2020 08:41:29,694;2;564.820;36,3;21,3
28.12.2020 08:41:29,700;2;564.820;36,3;21,3
28.12.2020 08:41:31,696;2;564.820;36,3;21,3
28.12.2020 08:41:31,706;2;564.820;36,3;21,3
28.12.2020 08:41:31,712;2;564.820;36,3;21,3
28.12.2020 08:41:33,710;2;564.820;36,3;21,3
28.12.2020 08:41:33,722;2;564.820;36,3;21,3
28.12.2020 08:41:33,731;2;564.820;36,3;21,3
28.12.2020 08:45:46,632;2;564.820;36,3;21,6
28.12.2020 08:45:46,650;2;564.820;36,7;21,6
28.12.2020 08:45:46,655;2;563.960;36,7;21,6
28.12.2020 08:50:08,834;2;563.960;36,7;21,9
28.12.2020 08:50:08,845;2;563.960;36,6;21,9
28.12.2020 08:50:08,851;2;559.820;36,6;21,9
28.12.2020 08:54:31,072;2;559.820;36,6;22,2
28.12.2020 08:54:31,085;2;559.820;36,6;22,2
28.12.2020 08:54:31,091;2;546.500;36,6;22,2
28.12.2020 08:58:53,320;2;546.500;36,6;22,4
28.12.2020 08:58:53,330;2;546.500;36,7;22,4
28.12.2020 08:58:53,336;2;525.320;36,7;22,4
28.12.2020 09:03:15,591;2;525.320;36,7;22,5
28.12.2020 09:03:15,594;2;525.320;36,9;22,5
28.12.2020 09:03:15,600;2;496.920;36,9;22,5
28.12.2020 09:07:37,870;2;496.920;36,9;22,6
28.12.2020 09:07:37,872;2;496.920;37,1;22,6
28.12.2020 09:07:37,878;2;487.660;37,1;22,6
28.12.2020 09:12:00,189;2;487.660;37,1;22,7
28.12.2020 09:12:00,192;2;487.660;35,7;22,7
28.12.2020 09:12:00,199;2;515.100;35,7;22,7
28.12.2020 09:16:22,410;2;515.100;35,7;22,2
28.12.2020 09:16:22,420;2;515.100;33,6;22,2
28.12.2020 09:16:22,425;2;542.760;33,6;22,2
28.12.2020 09:20:44,607;2;542.760;33,6;21,6
28.12.2020 09:20:44,611;2;542.760;33,3;21,6
28.12.2020 09:20:44,617;2;564.600;33,3;21,6
28.12.2020 09:25:06,792;2;564.600;33,3;21,4
28.12.2020 09:25:06,800;2;564.600;34,7;21,4
28.12.2020 09:25:06,806;2;569.660;34,7;21,4
28.12.2020 09:29:28,993;2;569.660;34,7;21,6
28.12.2020 09:29:29,002;2;569.660;35,1;21,6
28.12.2020 09:29:29,009;2;573.280;35,1;21,6
28.12.2020 09:33:51,205;2;573.280;35,1;21,8
28.12.2020 09:33:51,209;2;573.280;35,3;21,8
28.12.2020 09:33:51,214;2;570.120;35,3;21,8
28.12.2020 09:38:13,425;2;570.120;35,3;22
28.12.2020 09:38:13,434;2;570.120;35,8;22
28.12.2020 09:38:13,440;2;565.420;35,8;22
28.12.2020 09:42:35,656;2;565.420;35,8;22,1
28.12.2020 09:42:35,665;2;565.420;36,4;22,1
28.12.2020 09:42:35,670;2;557.960;36,4;22,1
28.12.2020 09:46:57,987;2;557.960;36,4;22,2
28.12.2020 09:46:57,998;2;557.960;36,7;22,2
28.12.2020 09:46:58,004;2;554.740;36,7;22,2
28.12.2020 09:51:20,230;2;554.740;36,7;22,2
28.12.2020 09:51:20,239;2;554.740;36,8;22,2
28.12.2020 09:51:20,245;2;549.500;36,8;22,2
28.12.2020 09:55:42,518;2;549.500;36,8;22,3
28.12.2020 09:55:42,521;2;549.500;36,9;22,3
28.12.2020 09:55:42,527;2;545.180;36,9;22,3
28.12.2020 10:00:04,765;2;545.180;36,9;22,4
28.12.2020 10:00:04,769;2;545.180;37;22,4
28.12.2020 10:00:04,775;2;542.240;37;22,4
28.12.2020 10:04:27,027;2;542.240;37;22,5
28.12.2020 10:04:27,038;2;542.240;37,1;22,5
28.12.2020 10:04:27,044;2;539.460;37,1;22,5
28.12.2020 10:08:49,293;2;539.460;37,1;22,5
28.12.2020 10:08:49,302;2;539.460;37;22,5
28.12.2020 10:08:49,308;2;535.820;37;22,5
28.12.2020 10:13:11,560;2;535.820;37;22,5
28.12.2020 10:13:11,570;2;535.820;37,1;22,5
28.12.2020 10:13:11,577;2;531.100;37,1;22,5
28.12.2020 10:17:33,841;2;531.100;37,1;22,6
28.12.2020 10:17:33,845;2;531.100;37,4;22,6
28.12.2020 10:17:33,851;2;527.680;37,4;22,6
28.12.2020 10:21:56,118;2;527.680;37,4;22,7
28.12.2020 10:21:56,126;2;527.680;37,5;22,7
28.12.2020 10:21:56,131;2;527.540;37,5;22,7
28.12.2020 10:26:18,404;2;527.540;37,5;22,7
28.12.2020 10:26:18,407;2;527.540;37,2;22,7
28.12.2020 10:26:18,412;2;525.040;37,2;22,7
28.12.2020 10:30:40,688;2;525.040;37,2;22,7
28.12.2020 10:30:40,690;2;525.040;37,1;22,7
28.12.2020 10:30:40,696;2;523.860;37,1;22,7
28.12.2020 10:35:02,974;2;523.860;37,1;22,7
28.12.2020 10:35:02,977;2;523.860;36,8;22,7
28.12.2020 10:35:02,982;2;525.620;36,8;22,7
28.12.2020 10:39:25,306;2;525.620;36,8;22,8
28.12.2020 10:39:25,315;2;525.620;36,8;22,8
28.12.2020 10:39:25,320;2;522.680;36,8;22,8
28.12.2020 10:43:47,607;2;522.680;36,8;22,8
28.12.2020 10:43:47,609;2;522.680;37,5;22,8
28.12.2020 10:43:47,614;2;517.680;37,5;22,8
28.12.2020 10:48:09,915;2;517.680;37,5;22,9
28.12.2020 10:48:09,918;2;517.680;37,6;22,9
28.12.2020 10:48:09,922;2;517.540;37,6;22,9
28.12.2020 10:52:32,245;2;517.540;37,6;23
28.12.2020 10:52:32,254;2;517.540;35,8;23
28.12.2020 10:52:32,260;2;524.660;35,8;23
28.12.2020 10:56:54,557;2;524.660;35,8;22,9
28.12.2020 10:56:54,566;2;524.660;35,9;22,9
28.12.2020 10:56:54,572;2;522.520;35,9;22,9
28.12.2020 11:01:16,872;2;522.520;35,9;23
28.12.2020 11:01:16,882;2;522.520;35,9;23
28.12.2020 11:01:16,888;2;521.280;35,9;23
28.12.2020 11:05:39,187;2;521.280;35,9;23
28.12.2020 11:05:39,198;2;521.280;35,8;23
28.12.2020 11:05:39,204;2;516.860;35,8;23
28.12.2020 11:10:01,508;2;516.860;35,8;23
28.12.2020 11:10:01,510;2;516.860;35,8;23
28.12.2020 11:10:01,516;2;512.080;35,8;23
28.12.2020 11:14:23,821;2;512.080;35,8;23
28.12.2020 11:14:23,832;2;512.080;36;23
28.12.2020 11:14:23,838;2;510.920;36;23
28.12.2020 11:18:46,149;2;510.920;36;23
28.12.2020 11:18:46,153;2;510.920;36,2;23
28.12.2020 11:18:46,158;2;511.020;36,2;23
28.12.2020 11:23:08,509;2;511.020;36,2;23,1
28.12.2020 11:23:08,520;2;511.020;36,3;23,1
28.12.2020 11:23:08,526;2;512.120;36,3;23,1
28.12.2020 11:27:30,839;2;512.120;36,3;23,1
28.12.2020 11:27:30,851;2;512.120;35,8;23,1
28.12.2020 11:27:30,857;2;503.980;35,8;23,1
28.12.2020 11:31:53,171;2;503.980;35,8;23,1
28.12.2020 11:31:53,175;2;503.980;36,2;23,1
28.12.2020 11:31:53,181;2;492.420;36,2;23,1
28.12.2020 11:36:15,501;2;492.420;36,2;23,1
28.12.2020 11:36:15,505;2;492.420;36,5;23,1
28.12.2020 11:36:15,511;2;492.600;36,5;23,1
28.12.2020 11:36:17,457;2;492.600;36,5;23,1
28.12.2020 11:36:17,461;2;492.600;36,5;23,1
28.12.2020 11:36:17,467;2;492.600;36,5;23,1
28.12.2020 11:36:19,755;2;492.600;36,5;23,1
28.12.2020 11:36:19,766;2;492.600;36,5;23,1
28.12.2020 11:36:19,772;2;492.600;36,5;23,1
28.12.2020 11:36:21,757;2;492.600;36,5;23,1
28.12.2020 11:36:21,768;2;492.600;36,5;23,1
28.12.2020 11:36:21,775;2;492.600;36,5;23,1
28.12.2020 11:36:23,761;2;492.600;36,5;23,1
28.12.2020 11:36:23,771;2;492.600;36,5;23,1
28.12.2020 11:36:23,778;2;492.600;36,5;23,1
28.12.2020 11:40:36,841;2;492.600;36,5;23,3
28.12.2020 11:40:36,854;2;492.600;36,2;23,3
28.12.2020 11:40:36,860;2;495.020;36,2;23,3
28.12.2020 11:44:59,194;2;495.020;36,2;23,5
28.12.2020 11:44:59,207;2;495.020;35,1;23,5
28.12.2020 11:44:59,213;2;489.720;35,1;23,5
28.12.2020 11:49:21,544;2;489.720;35,1;23,5
28.12.2020 11:49:21,546;2;489.720;34,6;23,5
28.12.2020 11:49:21,552;2;483.840;34,6;23,5
28.12.2020 11:53:43,896;2;483.840;34,6;23,5
28.12.2020 11:53:43,900;2;483.840;34,1;23,5
28.12.2020 11:53:43,905;2;488.600;34,1;23,5
28.12.2020 11:58:06,333;2;488.600;34,1;23,3
28.12.2020 11:58:06,341;2;488.600;33,4;23,3
28.12.2020 11:58:06,347;2;491.940;33,4;23,3
28.12.2020 12:02:28,673;2;491.940;33,4;23,2
28.12.2020 12:02:28,677;2;491.940;33,5;23,2
28.12.2020 12:02:28,683;2;486.760;33,5;23,2
28.12.2020 12:06:51,053;2;486.760;33,5;23,2
28.12.2020 12:06:51,056;2;486.760;34,1;23,2
28.12.2020 12:06:51,062;2;480.980;34,1;23,2
28.12.2020 12:11:13,388;2;480.980;34,1;23,2
28.12.2020 12:11:13,397;2;480.980;34,4;23,2
28.12.2020 12:11:13,403;2;480.560;34,4;23,2
28.12.2020 12:15:35,730;2;480.560;34,4;23,2
28.12.2020 12:15:35,733;2;480.560;34,7;23,2
28.12.2020 12:15:35,739;2;478.220;34,7;23,2
28.12.2020 12:19:58,075;2;478.220;34,7;23,2
28.12.2020 12:19:58,079;2;478.220;34,8;23,2
28.12.2020 12:19:58,084;2;476.180;34,8;23,2
28.12.2020 12:24:20,416;2;476.180;34,8;23,2
28.12.2020 12:24:20,419;2;476.180;35,4;23,2
28.12.2020 12:24:20,425;2;475.500;35,4;23,2
28.12.2020 12:28:42,762;2;475.500;35,4;23,2
28.12.2020 12:28:42,772;2;475.500;35,6;23,2
28.12.2020 12:28:42,778;2;468.020;35,6;23,2
28.12.2020 12:33:05,112;2;468.020;35,6;23,3
28.12.2020 12:33:05,123;2;468.020;35,7;23,3
28.12.2020 12:33:05,129;2;462.180;35,7;23,3
28.12.2020 12:37:27,471;2;462.180;35,7;23,3
28.12.2020 12:37:27,475;2;462.180;35,9;23,3
28.12.2020 12:37:27,481;2;460.640;35,9;23,3
28.12.2020 12:41:49,832;2;460.640;35,9;23,4
28.12.2020 12:41:49,842;2;460.640;35,9;23,4
28.12.2020 12:41:49,849;2;458.740;35,9;23,4
28.12.2020 12:46:12,218;2;458.740;35,9;23,4
28.12.2020 12:46:12,246;2;458.740;35,9;23,4
28.12.2020 12:46:12,251;2;459.720;35,9;23,4
28.12.2020 12:50:34,620;2;459.720;35,9;23,5
28.12.2020 12:50:34,631;2;459.720;35,9;23,5
28.12.2020 12:50:34,637;2;459.060;35,9;23,5
28.12.2020 12:59:19,395;2;459.060;35,9;23,6
28.12.2020 12:59:19,404;2;459.060;36,1;23,6
28.12.2020 12:59:19,409;2;455.240;36,1;23,6
28.12.2020 13:03:41,821;2;455.240;36,1;23,7
28.12.2020 13:03:41,831;2;455.240;36,2;23,7
28.12.2020 13:03:41,838;2;451.140;36,2;23,7
28.12.2020 13:08:04,229;2;451.140;36,2;23,7
28.12.2020 13:08:04,239;2;451.140;36,4;23,7
28.12.2020 13:08:04,246;2;450.200;36,4;23,7
28.12.2020 13:12:26,643;2;450.200;36,4;23,8
28.12.2020 13:12:26,647;2;450.200;36,6;23,8
28.12.2020 13:12:26,653;2;447.180;36,6;23,8
28.12.2020 13:16:49,051;2;447.180;36,6;23,8
28.12.2020 13:16:49,062;2;447.180;36,7;23,8
28.12.2020 13:16:49,068;2;449.540;36,7;23,8
28.12.2020 13:21:11,465;2;449.540;36,7;23,8
28.12.2020 13:21:11,469;2;449.540;36;23,8
28.12.2020 13:21:11,474;2;451.560;36;23,8
28.12.2020 13:25:33,865;2;451.560;36;23,8
28.12.2020 13:25:33,869;2;451.560;36;23,8
28.12.2020 13:25:33,874;2;457.580;36;23,8
28.12.2020 13:29:56,269;2;457.580;36;23,7
28.12.2020 13:29:56,278;2;457.580;35,4;23,7
28.12.2020 13:29:56,284;2;463.040;35,4;23,7
28.12.2020 13:34:18,706;2;463.040;35,4;23,7
28.12.2020 13:34:18,716;2;463.040;35,3;23,7
28.12.2020 13:34:18,723;2;466.580;35,3;23,7
28.12.2020 13:38:41,091;2;466.580;35,3;23,6
28.12.2020 13:38:41,100;2;466.580;34,9;23,6
28.12.2020 13:38:41,106;2;473.680;34,9;23,6
28.12.2020 13:43:03,476;2;473.680;34,9;23,5
28.12.2020 13:43:03,480;2;473.680;34,9;23,5
28.12.2020 13:43:03,487;2;478.300;34,9;23,5
28.12.2020 13:47:25,851;2;478.300;34,9;23,5
28.12.2020 13:47:25,854;2;478.300;34,8;23,5
28.12.2020 13:47:25,860;2;481.560;34,8;23,5
28.12.2020 13:51:48,224;2;481.560;34,8;23,4
28.12.2020 13:51:48,235;2;481.560;35;23,4
28.12.2020 13:51:48,243;2;486.360;35;23,4
28.12.2020 13:56:10,597;2;486.360;35;23,4
28.12.2020 13:56:10,607;2;486.360;35;23,4
28.12.2020 13:56:10,614;2;488.400;35;23,4
28.12.2020 14:00:32,970;2;488.400;35;23,4
28.12.2020 14:00:32,980;2;488.400;34,9;23,4
28.12.2020 14:00:32,989;2;491.680;34,9;23,4
28.12.2020 14:04:55,337;2;491.680;34,9;23,4
28.12.2020 14:04:55,347;2;491.680;34,7;23,4
28.12.2020 14:04:55,354;2;494.620;34,7;23,4
28.12.2020 14:09:17,723;2;494.620;34,7;23,3
28.12.2020 14:09:17,727;2;494.620;34,7;23,3
28.12.2020 14:09:17,733;2;497.420;34,7;23,3
28.12.2020 14:13:40,143;2;497.420;34,7;23,3
28.12.2020 14:13:40,151;2;497.420;34,6;23,3
28.12.2020 14:13:40,158;2;500.960;34,6;23,3
28.12.2020 14:18:02,539;2;500.960;34,6;23,3
28.12.2020 14:18:02,547;2;500.960;34,5;23,3
28.12.2020 14:18:02,553;2;504.420;34,5;23,3
28.12.2020 14:22:24,893;2;504.420;34,5;23,2
28.12.2020 14:22:24,897;2;504.420;34,7;23,2
28.12.2020 14:22:24,902;2;504.040;34,7;23,2
28.12.2020 14:26:47,248;2;504.040;34,7;23,2
28.12.2020 14:26:47,252;2;504.040;34,8;23,2
28.12.2020 14:26:47,257;2;505.060;34,8;23,2
28.12.2020 14:31:09,602;2;505.060;34,8;23,2
28.12.2020 14:31:09,610;2;505.060;34,7;23,2
28.12.2020 14:31:09,616;2;504.140;34,7;23,2
28.12.2020 14:31:11,557;2;504.140;34,7;23,2
28.12.2020 14:31:11,561;2;504.140;34,7;23,2
28.12.2020 14:31:11,567;2;504.140;34,7;23,2
28.12.2020 14:31:13,857;2;504.140;34,7;23,2
28.12.2020 14:31:13,866;2;504.140;34,7;23,2
28.12.2020 14:31:13,872;2;504.140;34,7;23,2
28.12.2020 14:31:15,863;2;504.140;34,7;23,2
28.12.2020 14:31:15,865;2;504.140;34,7;23,2
28.12.2020 14:31:15,871;2;504.140;34,7;23,2
28.12.2020 14:31:17,865;2;504.140;34,7;23,2
28.12.2020 14:31:17,868;2;504.140;34,7;23,2
28.12.2020 14:31:17,876;2;504.140;34,7;23,2
28.12.2020 14:35:30,960;2;504.140;34,7;23,2
28.12.2020 14:35:30,964;2;504.140;34,6;23,2
28.12.2020 14:35:30,970;2;503.280;34,6;23,2
28.12.2020 14:39:53,309;2;503.280;34,6;23,2
28.12.2020 14:39:53,313;2;503.280;34,7;23,2
28.12.2020 14:39:53,318;2;496.440;34,7;23,2
28.12.2020 14:44:15,658;2;496.440;34,7;23,3
28.12.2020 14:44:15,668;2;496.440;35,5;23,3
28.12.2020 14:44:15,674;2;482.200;35,5;23,3
28.12.2020 14:48:38,023;2;482.200;35,5;23,3
28.12.2020 14:48:38,026;2;482.200;35,9;23,3
28.12.2020 14:48:38,032;2;470.140;35,9;23,3
28.12.2020 14:53:00,383;2;470.140;35,9;23,3
28.12.2020 14:53:00,392;2;470.140;36,1;23,3
28.12.2020 14:53:00,398;2;463.200;36,1;23,3
28.12.2020 14:57:22,744;2;463.200;36,1;23,4
28.12.2020 14:57:22,747;2;463.200;36,3;23,4
28.12.2020 14:57:22,753;2;462.220;36,3;23,4
28.12.2020 15:01:45,145;2;462.220;36,3;23,4
28.12.2020 15:01:45,147;2;462.220;36,3;23,4
28.12.2020 15:01:45,152;2;459.040;36,3;23,4
28.12.2020 15:10:29,851;2;459.040;36,3;23,3
28.12.2020 15:10:29,854;2;459.040;36;23,3
28.12.2020 15:10:29,860;2;458.440;36;23,3
28.12.2020 15:14:52,208;2;458.440;36;23,3
28.12.2020 15:14:52,219;2;458.440;36,2;23,3
28.12.2020 15:14:52,225;2;455.160;36,2;23,3
28.12.2020 15:19:14,659;2;455.160;36,2;23,4
28.12.2020 15:19:14,671;2;455.160;36,4;23,4
28.12.2020 15:19:14,677;2;451.920;36,4;23,4
28.12.2020 15:23:37,028;2;451.920;36,4;23,4
28.12.2020 15:23:37,031;2;451.920;36,6;23,4
28.12.2020 15:23:37,037;2;447.120;36,6;23,4
28.12.2020 15:27:59,398;2;447.120;36,6;23,4
28.12.2020 15:27:59,401;2;447.120;36,9;23,4
28.12.2020 15:27:59,406;2;443.700;36,9;23,4
28.12.2020 15:32:21,775;2;443.700;36,9;23,5
28.12.2020 15:32:21,778;2;443.700;37,1;23,5
28.12.2020 15:32:21,783;2;441.040;37,1;23,5
28.12.2020 15:36:44,148;2;441.040;37,1;23,5
28.12.2020 15:36:44,157;2;441.040;37,1;23,5
28.12.2020 15:36:44,162;2;437.440;37,1;23,5
28.12.2020 15:41:06,525;2;437.440;37,1;23,5
28.12.2020 15:41:06,528;2;437.440;37,2;23,5
28.12.2020 15:41:06,534;2;434.800;37,2;23,5
28.12.2020 15:45:28,948;2;434.800;37,2;23,5
28.12.2020 15:45:28,951;2;434.800;37,2;23,5
28.12.2020 15:45:28,957;2;434.880;37,2;23,5
28.12.2020 15:49:51,337;2;434.880;37,2;23,6
28.12.2020 15:49:51,340;2;434.880;37,2;23,6
28.12.2020 15:49:51,344;2;433.120;37,2;23,6
28.12.2020 15:54:13,737;2;433.120;37,2;23,6
28.12.2020 15:54:13,741;2;433.120;37,2;23,6
28.12.2020 15:54:13,747;2;432.780;37,2;23,6
28.12.2020 15:58:36,130;2;432.780;37,2;23,6
28.12.2020 15:58:36,132;2;432.780;37,2;23,6
28.12.2020 15:58:36,138;2;431.860;37,2;23,6
28.12.2020 16:02:58,527;2;431.860;37,2;23,6
28.12.2020 16:02:58,536;2;431.860;37,2;23,6
28.12.2020 16:02:58,541;2;431.200;37,2;23,6
28.12.2020 16:07:20,925;2;431.200;37,2;23,6
28.12.2020 16:07:20,934;2;431.200;37,2;23,6
28.12.2020 16:07:20,939;2;429.900;37,2;23,6
28.12.2020 16:11:43,326;2;429.900;37,2;23,6
28.12.2020 16:11:43,329;2;429.900;37,2;23,6
28.12.2020 16:11:43,334;2;429.480;37,2;23,6
28.12.2020 16:16:05,729;2;429.480;37,2;23,6
28.12.2020 16:16:05,739;2;429.480;37,2;23,6
28.12.2020 16:16:05,744;2;427.000;37,2;23,6
28.12.2020 16:20:28,132;2;427.000;37,2;23,6
28.12.2020 16:20:28,140;2;427.000;37,4;23,6
28.12.2020 16:20:28,146;2;424.840;37,4;23,6
28.12.2020 16:24:50,550;2;424.840;37,4;23,6
28.12.2020 16:24:50,552;2;424.840;37,4;23,6
28.12.2020 16:24:50,556;2;423.820;37,4;23,6
28.12.2020 16:29:12,983;2;423.820;37,4;23,6
28.12.2020 16:29:12,993;2;423.820;37,5;23,6
28.12.2020 16:29:12,998;2;421.420;37,5;23,6
28.12.2020 16:33:35,384;2;421.420;37,5;23,7
28.12.2020 16:33:35,394;2;421.420;37,7;23,7
28.12.2020 16:33:35,400;2;417.140;37,7;23,7
28.12.2020 16:37:57,786;2;417.140;37,7;23,7
28.12.2020 16:37:57,796;2;417.140;37,8;23,7
28.12.2020 16:37:57,801;2;412.160;37,8;23,7
28.12.2020 16:42:20,206;2;412.160;37,8;23,8
28.12.2020 16:42:20,209;2;412.160;37,9;23,8
28.12.2020 16:42:20,214;2;402.360;37,9;23,8
28.12.2020 16:46:42,620;2;402.360;37,9;23,8
28.12.2020 16:46:42,630;2;402.360;38,2;23,8
28.12.2020 16:46:42,636;2;397.920;38,2;23,8
28.12.2020 16:51:05,048;2;397.920;38,2;23,9
28.12.2020 16:51:05,057;2;397.920;38,4;23,9
28.12.2020 16:51:05,063;2;387.600;38,4;23,9
28.12.2020 16:55:27,497;2;387.600;38,4;23,9
28.12.2020 16:55:27,517;2;387.600;38,6;23,9
28.12.2020 16:55:27,521;2;383.420;38,6;23,9
28.12.2020 16:59:49,935;2;383.420;38,6;24
28.12.2020 16:59:49,938;2;383.420;38,5;24
28.12.2020 16:59:49,944;2;383.860;38,5;24
28.12.2020 17:04:12,380;2;383.860;38,5;24
28.12.2020 17:04:12,384;2;383.860;38,2;24
28.12.2020 17:04:12,389;2;384.740;38,2;24
28.12.2020 17:08:34,831;2;384.740;38,2;24,1
28.12.2020 17:08:34,834;2;384.740;38;24,1
28.12.2020 17:08:34,839;2;383.820;38;24,1
28.12.2020 17:12:57,326;2;383.820;38;24,1
28.12.2020 17:12:57,338;2;383.820;38,2;24,1
28.12.2020 17:12:57,344;2;384.500;38,2;24,1
28.12.2020 17:17:19,790;2;384.500;38,2;24,2
28.12.2020 17:17:19,793;2;384.500;38,3;24,2
28.12.2020 17:17:19,798;2;384.740;38,3;24,2
28.12.2020 17:21:42,253;2;384.740;38,3;24,2
28.12.2020 17:21:42,257;2;384.740;38,4;24,2
28.12.2020 17:21:42,262;2;386.460;38,4;24,2
28.12.2020 17:26:04,728;2;386.460;38,4;24,3
28.12.2020 17:26:04,732;2;386.460;38,3;24,3
28.12.2020 17:26:04,738;2;391.580;38,3;24,3
28.12.2020 17:26:06,677;2;391.580;38,3;24,3
28.12.2020 17:26:06,679;2;391.580;38,3;24,3
28.12.2020 17:26:06,685;2;391.580;38,3;24,3
28.12.2020 17:26:08,973;2;391.580;38,3;24,3
28.12.2020 17:26:08,983;2;391.580;38,3;24,3
28.12.2020 17:26:08,989;2;391.580;38,3;24,3
28.12.2020 17:26:10,976;2;391.580;38,3;24,3
28.12.2020 17:26:10,986;2;391.580;38,3;24,3
28.12.2020 17:26:10,992;2;391.580;38,3;24,3
28.12.2020 17:26:12,982;2;391.580;38,3;24,3
28.12.2020 17:26:12,986;2;391.580;38,3;24,3
28.12.2020 17:26:12,991;2;391.580;38,3;24,3
28.12.2020 17:30:26,230;2;391.580;38,3;24,3
28.12.2020 17:30:26,233;2;391.580;38,1;24,3
28.12.2020 17:30:26,239;2;394.100;38,1;24,3
28.12.2020 17:34:48,719;2;394.100;38,1;24,3
28.12.2020 17:34:48,729;2;394.100;38;24,3
28.12.2020 17:34:48,735;2;392.380;38;24,3
28.12.2020 17:39:11,215;2;392.380;38;24,3
28.12.2020 17:39:11,217;2;392.380;38,1;24,3
28.12.2020 17:39:11,224;2;384.040;38,1;24,3
28.12.2020 17:43:33,715;2;384.040;38,1;24,4
28.12.2020 17:43:33,719;2;384.040;38,1;24,4
28.12.2020 17:43:33,724;2;378.780;38,1;24,4
28.12.2020 17:47:56,210;2;378.780;38,1;24,4
28.12.2020 17:47:56,219;2;378.780;38,1;24,4
28.12.2020 17:47:56,224;2;375.280;38,1;24,4
28.12.2020 17:52:18,721;2;375.280;38,1;24,5
28.12.2020 17:52:18,725;2;375.280;38,2;24,5
28.12.2020 17:52:18,745;2;366.900;38,2;24,5
28.12.2020 17:56:41,268;2;366.900;38,2;24,5
28.12.2020 17:56:41,277;2;366.900;38,2;24,5
28.12.2020 17:56:41,282;2;363.220;38,2;24,5
28.12.2020 18:01:03,785;2;363.220;38,2;24,6
28.12.2020 18:01:03,794;2;363.220;38,2;24,6
28.12.2020 18:01:03,799;2;354.840;38,2;24,6
28.12.2020 18:05:26,310;2;354.840;38,2;24,6
28.12.2020 18:05:26,313;2;354.840;38,2;24,6
28.12.2020 18:05:26,323;2;351.120;38,2;24,6
28.12.2020 18:09:48,845;2;351.120;38,2;24,6
28.12.2020 18:09:48,848;2;351.120;38,2;24,6
28.12.2020 18:09:48,853;2;344.580;38,2;24,6
28.12.2020 18:14:11,374;2;344.580;38,2;24,7
28.12.2020 18:14:11,380;2;344.580;38,1;24,7
28.12.2020 18:14:11,384;2;343.360;38,1;24,7
28.12.2020 18:18:33,901;2;343.360;38,1;24,7
28.12.2020 18:18:33,912;2;343.360;38,2;24,7
28.12.2020 18:18:33,917;2;340.320;38,2;24,7
28.12.2020 18:22:56,438;2;340.320;38,2;24,7
28.12.2020 18:22:56,448;2;340.320;38,1;24,7
28.12.2020 18:22:56,454;2;339.320;38,1;24,7
28.12.2020 18:27:18,978;2;339.320;38,1;24,7
28.12.2020 18:27:18,982;2;339.320;38;24,7
28.12.2020 18:27:18,989;2;340.520;38;24,7
28.12.2020 18:31:41,511;2;340.520;38;24,7
28.12.2020 18:31:41,515;2;340.520;37,9;24,7
28.12.2020 18:31:41,521;2;340.260;37,9;24,7
28.12.2020 18:36:04,073;2;340.260;37,9;24,7
28.12.2020 18:36:04,076;2;340.260;38,1;24,7
28.12.2020 18:36:04,081;2;339.920;38,1;24,7
28.12.2020 18:36:09,884;2;339.920;38,1;24,7
28.12.2020 18:36:09,893;2;339.920;38,1;24,7
28.12.2020 18:36:09,898;2;339.920;38,1;24,7
28.12.2020 18:36:11,456;2;339.920;38,1;24,7
28.12.2020 18:36:11,458;2;339.920;38,1;24,7
28.12.2020 18:36:11,463;2;339.920;38,1;24,7
28.12.2020 18:36:13,455;2;339.920;38,1;24,7
28.12.2020 18:36:13,463;2;339.920;38,1;24,7
28.12.2020 18:36:13,469;2;339.920;38,1;24,7
28.12.2020 18:40:25,617;2;339.920;38,1;24,8
28.12.2020 18:40:25,627;2;339.920;38;24,8
28.12.2020 18:40:25,634;2;340.820;38;24,8
28.12.2020 18:44:48,165;2;340.820;38;24,8
28.12.2020 18:44:48,168;2;340.820;38;24,8
28.12.2020 18:44:48,173;2;342.320;38;24,8
28.12.2020 18:49:10,727;2;342.320;38;24,8
28.12.2020 18:49:10,744;2;342.320;37,9;24,8
28.12.2020 18:49:10,749;2;343.340;37,9;24,8
28.12.2020 18:53:33,282;2;343.340;37,9;24,8
28.12.2020 18:53:33,295;2;343.340;37,9;24,8
28.12.2020 18:53:33,301;2;343.400;37,9;24,8
28.12.2020 18:57:55,831;2;343.400;37,9;24,8
28.12.2020 18:57:55,841;2;343.400;38;24,8
28.12.2020 18:57:55,846;2;344.980;38;24,8
28.12.2020 19:02:18,388;2;344.980;38;24,8
28.12.2020 19:02:18,392;2;344.980;37,8;24,8
28.12.2020 19:02:18,397;2;353.640;37,8;24,8
28.12.2020 19:06:40,938;2;353.640;37,8;24,8
28.12.2020 19:06:40,942;2;353.640;37,4;24,8
28.12.2020 19:06:40,948;2;361.240;37,4;24,8
28.12.2020 19:11:03,488;2;361.240;37,4;24,8
28.12.2020 19:11:03,491;2;361.240;37,5;24,8
28.12.2020 19:11:03,497;2;363.140;37,5;24,8
28.12.2020 19:15:26,035;2;363.140;37,5;24,8
28.12.2020 19:15:26,044;2;363.140;37,5;24,8
28.12.2020 19:15:26,049;2;365.540;37,5;24,8
28.12.2020 19:24:11,158;2;365.540;37,5;24,7
28.12.2020 19:24:11,160;2;365.540;37,7;24,7
28.12.2020 19:24:11,165;2;366.760;37,7;24,7
28.12.2020 19:28:33,697;2;366.760;37,7;24,7
28.12.2020 19:28:33,707;2;366.760;37,7;24,7
28.12.2020 19:28:33,713;2;365.640;37,7;24,7
28.12.2020 19:32:56,222;2;365.640;37,7;24,7
28.12.2020 19:32:56,225;2;365.640;37,8;24,7
28.12.2020 19:32:56,227;2;365.740;37,8;24,7
28.12.2020 19:37:18,748;2;365.740;37,8;24,7
28.12.2020 19:37:18,751;2;365.740;37,9;24,7
28.12.2020 19:37:18,756;2;365.300;37,9;24,7
28.12.2020 19:41:41,364;2;365.300;37,9;24,7
28.12.2020 19:41:41,367;2;365.300;37,9;24,7
28.12.2020 19:41:41,372;2;367.180;37,9;24,7
28.12.2020 19:46:03,882;2;367.180;37,9;24,6
28.12.2020 19:46:03,885;2;367.180;37,8;24,6
28.12.2020 19:46:03,890;2;368.760;37,8;24,6
28.12.2020 19:50:26,399;2;368.760;37,8;24,6
28.12.2020 19:50:26,408;2;368.760;37,8;24,6
28.12.2020 19:50:26,412;2;368.040;37,8;24,6
28.12.2020 19:54:48,917;2;368.040;37,8;24,6
28.12.2020 19:54:48,925;2;368.040;37,9;24,6
28.12.2020 19:54:48,929;2;367.980;37,9;24,6
28.12.2020 19:59:11,433;2;367.980;37,9;24,5
28.12.2020 19:59:11,437;2;367.980;37,9;24,5
28.12.2020 19:59:11,441;2;367.200;37,9;24,5
28.12.2020 20:03:33,945;2;367.200;37,9;24,5
28.12.2020 20:03:33,948;2;367.200;38,1;24,5
28.12.2020 20:03:33,954;2;367.000;38,1;24,5
28.12.2020 20:07:56,487;2;367.000;38,1;24,5
28.12.2020 20:07:56,496;2;367.000;38,3;24,5
28.12.2020 20:07:56,501;2;384.360;38,3;24,5
28.12.2020 20:12:18,960;2;384.360;38,3;24,4
28.12.2020 20:12:18,963;2;384.360;35,6;24,4
28.12.2020 20:12:18,967;2;424.120;35,6;24,4
28.12.2020 20:16:41,394;2;424.120;35,6;23,8
28.12.2020 20:16:41,403;2;424.120;32,7;23,8
28.12.2020 20:16:41,408;2;447.280;32,7;23,8
28.12.2020 20:21:03,828;2;447.280;32,7;23,5
28.12.2020 20:21:03,830;2;447.280;34,8;23,5
28.12.2020 20:21:03,835;2;458.060;34,8;23,5
28.12.2020 20:25:26,272;2;458.060;34,8;23,7
28.12.2020 20:25:26,275;2;458.060;35;23,7
28.12.2020 20:25:26,283;2;462.680;35;23,7
28.12.2020 20:29:48,716;2;462.680;35;23,8
28.12.2020 20:29:48,725;2;462.680;35;23,8
28.12.2020 20:29:48,730;2;465.320;35;23,8
28.12.2020 20:34:11,172;2;465.320;35;23,9
28.12.2020 20:34:11,181;2;465.320;35,2;23,9
28.12.2020 20:34:11,186;2;466.280;35,2;23,9
28.12.2020 20:38:33,635;2;466.280;35,2;24
28.12.2020 20:38:33,644;2;466.280;35,3;24
28.12.2020 20:38:33,649;2;465.040;35,3;24
28.12.2020 20:42:56,104;2;465.040;35,3;24,1
28.12.2020 20:42:56,112;2;465.040;35,5;24,1
28.12.2020 20:42:56,117;2;466.480;35,5;24,1
28.12.2020 20:47:18,589;2;466.480;35,5;24,1
28.12.2020 20:47:18,599;2;466.480;35,7;24,1
28.12.2020 20:47:18,604;2;463.080;35,7;24,1
28.12.2020 20:51:41,105;2;463.080;35,7;24,2
28.12.2020 20:51:41,107;2;463.080;35,8;24,2
28.12.2020 20:51:41,113;2;460.220;35,8;24,2
28.12.2020 20:56:03,583;2;460.220;35,8;24,2
28.12.2020 20:56:03,592;2;460.220;36;24,2
28.12.2020 20:56:03,597;2;456.640;36;24,2
28.12.2020 21:00:26,067;2;456.640;36;24,3
28.12.2020 21:00:26,077;2;456.640;36,1;24,3
28.12.2020 21:00:26,082;2;453.100;36,1;24,3
28.12.2020 21:04:48,561;2;453.100;36,1;24,3
28.12.2020 21:04:48,565;2;453.100;36,3;24,3
28.12.2020 21:04:48,570;2;450.900;36,3;24,3
28.12.2020 21:09:11,058;2;450.900;36,3;24,4
28.12.2020 21:09:11,061;2;450.900;36,4;24,4
28.12.2020 21:09:11,067;2;447.140;36,4;24,4
28.12.2020 21:13:33,552;2;447.140;36,4;24,4
28.12.2020 21:13:33,561;2;447.140;36,5;24,4
28.12.2020 21:13:33,565;2;443.060;36,5;24,4
28.12.2020 21:17:56,062;2;443.060;36,5;24,5
28.12.2020 21:17:56,065;2;443.060;36,6;24,5
28.12.2020 21:17:56,070;2;441.040;36,6;24,5
28.12.2020 21:22:18,574;2;441.040;36,6;24,5
28.12.2020 21:22:18,576;2;441.040;36,7;24,5
28.12.2020 21:22:18,581;2;437.560;36,7;24,5
28.12.2020 21:26:41,092;2;437.560;36,7;24,5
28.12.2020 21:26:41,095;2;437.560;36,7;24,5
28.12.2020 21:26:41,100;2;435.340;36,7;24,5
28.12.2020 21:31:03,615;2;435.340;36,7;24,6
28.12.2020 21:31:03,619;2;435.340;36,8;24,6
28.12.2020 21:31:03,623;2;431.260;36,8;24,6
28.12.2020 21:31:05,559;2;431.260;36,8;24,6
28.12.2020 21:31:05,568;2;431.260;36,8;24,6
28.12.2020 21:31:05,587;2;431.260;36,8;24,6
28.12.2020 21:31:07,863;2;431.260;36,8;24,6
28.12.2020 21:31:07,867;2;431.260;36,8;24,6
28.12.2020 21:31:07,872;2;431.260;36,8;24,6
28.12.2020 21:31:09,865;2;431.260;36,8;24,6
28.12.2020 21:31:09,868;2;431.260;36,8;24,6
28.12.2020 21:31:09,873;2;431.260;36,8;24,6
28.12.2020 21:31:11,867;2;431.260;36,8;24,6
28.12.2020 21:31:11,869;2;431.260;36,8;24,6
28.12.2020 21:31:11,874;2;431.260;36,8;24,6
28.12.2020 21:35:25,185;2;431.260;36,8;24,6
28.12.2020 21:35:25,188;2;431.260;36,9;24,6
28.12.2020 21:35:25,193;2;428.160;36,9;24,6
28.12.2020 21:39:47,716;2;428.160;36,9;24,7
28.12.2020 21:39:47,725;2;428.160;37;24,7
28.12.2020 21:39:47,730;2;425.560;37;24,7
28.12.2020 21:44:10,254;2;425.560;37;24,7
28.12.2020 21:44:10,264;2;425.560;37;24,7
28.12.2020 21:44:10,270;2;422.540;37;24,7
28.12.2020 21:48:32,801;2;422.540;37;24,8
28.12.2020 21:48:32,805;2;422.540;37,1;24,8
28.12.2020 21:48:32,810;2;419.320;37,1;24,8
28.12.2020 21:52:55,375;2;419.320;37,1;24,8
28.12.2020 21:52:55,387;2;419.320;37,1;24,8
28.12.2020 21:52:55,391;2;417.820;37,1;24,8
28.12.2020 21:57:17,935;2;417.820;37,1;24,8
28.12.2020 21:57:17,938;2;417.820;37,1;24,8
28.12.2020 21:57:17,943;2;408.880;37,1;24,8
28.12.2020 22:01:40,496;2;408.880;37,1;24,8
28.12.2020 22:01:40,499;2;408.880;37,2;24,8
28.12.2020 22:01:40,503;2;393.440;37,2;24,8
28.12.2020 22:06:03,057;2;393.440;37,2;24,9
28.12.2020 22:06:03,066;2;393.440;37,2;24,9
28.12.2020 22:06:03,071;2;378.900;37,2;24,9
28.12.2020 22:10:25,622;2;378.900;37,2;24,9
28.12.2020 22:10:25,631;2;378.900;37,3;24,9
28.12.2020 22:10:25,636;2;380.020;37,3;24,9
28.12.2020 22:14:48,178;2;380.020;37,3;24,9
28.12.2020 22:14:48,181;2;380.020;35,9;24,9
28.12.2020 22:14:48,187;2;403.260;35,9;24,9
28.12.2020 22:19:10,745;2;403.260;35,9;24,7
28.12.2020 22:19:10,754;2;403.260;33,2;24,7
28.12.2020 22:19:10,759;2;425.520;33,2;24,7
28.12.2020 22:23:33,250;2;425.520;33,2;24,4
28.12.2020 22:23:33,254;2;425.520;32,3;24,4
28.12.2020 22:23:33,259;2;427.080;32,3;24,4
28.12.2020 22:27:55,751;2;427.080;32,3;24,2
28.12.2020 22:27:55,761;2;427.080;33,7;24,2
28.12.2020 22:27:55,766;2;421.040;33,7;24,2
28.12.2020 22:32:18,268;2;421.040;33,7;24,3
28.12.2020 22:32:18,272;2;421.040;34,4;24,3
28.12.2020 22:32:18,278;2;415.660;34,4;24,3
28.12.2020 22:36:40,800;2;415.660;34,4;24,3
28.12.2020 22:36:40,820;2;415.660;34,7;24,3
28.12.2020 22:36:40,828;2;405.000;34,7;24,3
28.12.2020 22:41:03,322;2;405.000;34,7;24,4
28.12.2020 22:41:03,326;2;405.000;34,9;24,4
28.12.2020 22:41:03,331;2;400.420;34,9;24,4
28.12.2020 22:45:25,854;2;400.420;34,9;24,5
28.12.2020 22:45:25,857;2;400.420;35,1;24,5
28.12.2020 22:45:25,863;2;397.920;35,1;24,5
28.12.2020 22:49:48,379;2;397.920;35,1;24,5
28.12.2020 22:49:48,388;2;397.920;35,1;24,5
28.12.2020 22:49:48,393;2;397.620;35,1;24,5
28.12.2020 22:54:10,919;2;397.620;35,1;24,6
28.12.2020 22:54:10,929;2;397.620;35,2;24,6
28.12.2020 22:54:10,934;2;395.160;35,2;24,6
28.12.2020 22:58:33,549;2;395.160;35,2;24,6
28.12.2020 22:58:33,552;2;395.160;35,2;24,6
28.12.2020 22:58:33,558;2;395.060;35,2;24,6
28.12.2020 23:02:56,131;2;395.060;35,2;24,6
28.12.2020 23:02:56,135;2;395.060;35,3;24,6
28.12.2020 23:02:56,140;2;394.320;35,3;24,6
28.12.2020 23:07:18,675;2;394.320;35,3;24,6
28.12.2020 23:07:18,685;2;394.320;35,4;24,6
28.12.2020 23:07:18,691;2;393.320;35,4;24,6
28.12.2020 23:11:41,225;2;393.320;35,4;24,6
28.12.2020 23:11:41,234;2;393.320;35,5;24,6
28.12.2020 23:11:41,240;2;393.220;35,5;24,6
28.12.2020 23:16:03,772;2;393.220;35,5;24,6
28.12.2020 23:16:03,782;2;393.220;35,6;24,6
28.12.2020 23:16:03,787;2;387.300;35,6;24,6
28.12.2020 23:20:26,316;2;387.300;35,6;24,6
28.12.2020 23:20:26,320;2;387.300;35,7;24,6
28.12.2020 23:20:26,329;2;388.300;35,7;24,6
28.12.2020 23:24:48,860;2;388.300;35,7;24,6
28.12.2020 23:24:48,870;2;388.300;35,7;24,6
28.12.2020 23:24:48,875;2;387.140;35,7;24,6
28.12.2020 23:29:11,418;2;387.140;35,7;24,5
28.12.2020 23:29:11,421;2;387.140;35,7;24,5
28.12.2020 23:29:11,426;2;386.680;35,7;24,5
28.12.2020 23:33:33,960;2;386.680;35,7;24,5
28.12.2020 23:33:33,964;2;386.680;35,8;24,5
28.12.2020 23:33:33,969;2;386.020;35,8;24,5
28.12.2020 23:37:56,488;2;386.020;35,8;24,5
28.12.2020 23:37:56,497;2;386.020;35,8;24,5
28.12.2020 23:37:56,502;2;387.160;35,8;24,5
28.12.2020 23:42:19,014;2;387.160;35,8;24,5
28.12.2020 23:42:19,023;2;387.160;35,9;24,5
28.12.2020 23:42:19,029;2;384.920;35,9;24,5
28.12.2020 23:46:41,586;2;384.920;35,9;24,4
28.12.2020 23:46:41,590;2;384.920;36;24,4
28.12.2020 23:46:41,595;2;382.800;36;24,4
28.12.2020 23:51:04,106;2;382.800;36;24,4
28.12.2020 23:51:04,116;2;382.800;36;24,4
28.12.2020 23:51:04,121;2;381.120;36;24,4
28.12.2020 23:55:26,625;2;381.120;36;24,4
28.12.2020 23:55:26,629;2;381.120;36;24,4
28.12.2020 23:55:26,636;2;378.640;36;24,4
28.12.2020 23:59:49,131;2;378.640;36;24,4
28.12.2020 23:59:49,142;2;378.640;36,1;24,4
28.12.2020 23:59:49,148;2;377.340;36,1;24,4
29.12.2020 00:04:11,664;2;377.340;36,1;24,3
29.12.2020 00:04:11,667;2;377.340;36,1;24,3
29.12.2020 00:04:11,673;2;377.240;36,1;24,3
29.12.2020 00:08:34,162;2;377.240;36,1;24,3
29.12.2020 00:08:34,171;2;377.240;36,1;24,3
29.12.2020 00:08:34,177;2;377.440;36,1;24,3
29.12.2020 00:12:56,659;2;377.440;36,1;24,3
29.12.2020 00:12:56,669;2;377.440;36,2;24,3
29.12.2020 00:12:56,674;2;372.860;36,2;24,3
29.12.2020 00:17:19,149;2;372.860;36,2;24,2
29.12.2020 00:17:19,158;2;372.860;36,2;24,2
29.12.2020 00:17:19,163;2;376.600;36,2;24,2
29.12.2020 00:21:41,632;2;376.600;36,2;24,2
29.12.2020 00:21:41,640;2;376.600;36,3;24,2
29.12.2020 00:21:41,646;2;377.620;36,3;24,2
29.12.2020 00:26:04,111;2;377.620;36,3;24,2
29.12.2020 00:26:04,120;2;377.620;36,3;24,2
29.12.2020 00:26:04,126;2;377.920;36,3;24,2
29.12.2020 00:26:06,059;2;377.920;36,3;24,2
29.12.2020 00:26:06,070;2;377.920;36,3;24,2
29.12.2020 00:26:06,076;2;377.920;36,3;24,2
29.12.2020 00:26:08,362;2;377.920;36,3;24,2
29.12.2020 00:26:08,365;2;377.920;36,3;24,2
29.12.2020 00:26:08,370;2;377.920;36,3;24,2
29.12.2020 00:26:10,365;2;377.920;36,3;24,2
29.12.2020 00:26:10,374;2;377.920;36,3;24,2
29.12.2020 00:26:10,380;2;377.920;36,3;24,2
29.12.2020 00:26:12,367;2;377.920;36,3;24,2
29.12.2020 00:26:12,376;2;377.920;36,3;24,2
29.12.2020 00:26:12,382;2;377.920;36,3;24,2
29.12.2020 00:30:25,625;2;377.920;36,3;24,1
29.12.2020 00:30:25,635;2;377.920;36,3;24,1
29.12.2020 00:30:25,640;2;378.120;36,3;24,1
29.12.2020 00:34:48,102;2;378.120;36,3;24,1
29.12.2020 00:34:48,112;2;378.120;36,3;24,1
29.12.2020 00:34:48,117;2;378.820;36,3;24,1
29.12.2020 00:39:10,566;2;378.820;36,3;24,1
29.12.2020 00:39:10,576;2;378.820;36,3;24,1
29.12.2020 00:39:10,581;2;379.820;36,3;24,1
29.12.2020 00:43:33,033;2;379.820;36,3;24
29.12.2020 00:43:33,042;2;379.820;36,2;24
29.12.2020 00:43:33,048;2;381.500;36,2;24
29.12.2020 00:47:55,488;2;381.500;36,2;24
29.12.2020 00:47:55,491;2;381.500;36,2;24
29.12.2020 00:47:55,497;2;381.780;36,2;24
29.12.2020 00:52:17,946;2;381.780;36,2;24
29.12.2020 00:52:17,950;2;381.780;36,3;24
29.12.2020 00:52:17,955;2;382.580;36,3;24
29.12.2020 00:56:40,392;2;382.580;36,3;23,9
29.12.2020 00:56:40,396;2;382.580;36,3;23,9
29.12.2020 00:56:40,401;2;383.680;36,3;23,9
29.12.2020 01:01:02,832;2;383.680;36,3;23,9
29.12.2020 01:01:02,841;2;383.680;36,4;23,9
29.12.2020 01:01:02,847;2;383.940;36,4;23,9
29.12.2020 01:05:25,280;2;383.940;36,4;23,8
29.12.2020 01:05:25,283;2;383.940;36,4;23,8
29.12.2020 01:05:25,288;2;386.420;36,4;23,8
29.12.2020 01:09:47,809;2;386.420;36,4;23,8
29.12.2020 01:09:47,818;2;386.420;36,5;23,8
29.12.2020 01:09:47,823;2;386.960;36,5;23,8
29.12.2020 01:14:10,282;2;386.960;36,5;23,8
29.12.2020 01:14:10,284;2;386.960;36,5;23,8
29.12.2020 01:14:10,289;2;390.560;36,5;23,8
29.12.2020 01:18:32,707;2;390.560;36,5;23,8
29.12.2020 01:18:32,716;2;390.560;36,6;23,8
29.12.2020 01:18:32,721;2;386.360;36,6;23,8
29.12.2020 01:22:55,136;2;386.360;36,6;23,8
29.12.2020 01:22:55,139;2;386.360;36,6;23,8
29.12.2020 01:22:55,143;2;391.720;36,6;23,8
29.12.2020 01:27:17,560;2;391.720;36,6;23,7
29.12.2020 01:27:17,568;2;391.720;36,7;23,7
29.12.2020 01:27:17,573;2;391.860;36,7;23,7
29.12.2020 01:31:39,984;2;391.860;36,7;23,7
29.12.2020 01:31:39,987;2;391.860;36,7;23,7
29.12.2020 01:31:39,991;2;392.080;36,7;23,7
29.12.2020 01:36:02,403;2;392.080;36,7;23,7
29.12.2020 01:36:02,405;2;392.080;36,7;23,7
29.12.2020 01:36:02,409;2;392.420;36,7;23,7
29.12.2020 01:40:24,814;2;392.420;36,7;23,7
29.12.2020 01:40:24,823;2;392.420;36,7;23,7
29.12.2020 01:40:24,828;2;393.520;36,7;23,7
29.12.2020 01:44:47,231;2;393.520;36,7;23,7
29.12.2020 01:44:47,239;2;393.520;36,8;23,7
29.12.2020 01:44:47,243;2;394.000;36,8;23,7
29.12.2020 01:49:09,645;2;394.000;36,8;23,7
29.12.2020 01:49:09,653;2;394.000;36,8;23,7
29.12.2020 01:49:09,657;2;394.540;36,8;23,7
29.12.2020 01:53:32,067;2;394.540;36,8;23,7
29.12.2020 01:53:32,070;2;394.540;36,8;23,7
29.12.2020 01:53:32,075;2;393.840;36,8;23,7
29.12.2020 01:57:54,518;2;393.840;36,8;23,6
29.12.2020 01:57:54,521;2;393.840;36,8;23,6
29.12.2020 01:57:54,525;2;392.340;36,8;23,6
29.12.2020 02:06:39,328;2;392.340;36,8;23,6
29.12.2020 02:06:39,342;2;392.340;36,8;23,6
29.12.2020 02:06:39,353;2;384.240;36,8;23,6
29.12.2020 02:11:01,730;2;384.240;36,8;23,6
29.12.2020 02:11:01,743;2;384.240;36,8;23,6
29.12.2020 02:11:01,753;2;381.900;36,8;23,6
29.12.2020 02:15:24,158;2;381.900;36,8;23,5
29.12.2020 02:15:24,164;2;381.900;36,8;23,5
29.12.2020 02:15:24,173;2;378.960;36,8;23,5
29.12.2020 02:19:46,548;2;378.960;36,8;23,5
29.12.2020 02:19:46,553;2;378.960;36,8;23,5
29.12.2020 02:19:46,561;2;376.360;36,8;23,5
29.12.2020 02:28:31,326;2;376.360;36,8;23,5
29.12.2020 02:28:31,363;2;376.360;36,9;23,5
29.12.2020 02:28:31,372;2;371.460;36,9;23,5
29.12.2020 02:32:53,712;2;371.460;36,9;23,5
29.12.2020 02:32:53,721;2;371.460;36,9;23,5
29.12.2020 02:32:53,727;2;369.320;36,9;23,5
29.12.2020 02:37:16,097;2;369.320;36,9;23,5
29.12.2020 02:37:16,109;2;369.320;36,9;23,5
29.12.2020 02:37:16,117;2;368.120;36,9;23,5
29.12.2020 02:41:38,523;2;368.120;36,9;23,4
29.12.2020 02:41:38,535;2;368.120;37;23,4
29.12.2020 02:41:38,543;2;367.940;37;23,4
29.12.2020 02:46:00,907;2;367.940;37;23,4
29.12.2020 02:46:00,910;2;367.940;36,9;23,4
29.12.2020 02:46:00,917;2;365.520;36,9;23,4
29.12.2020 02:50:23,285;2;365.520;36,9;23,4
29.12.2020 02:50:23,288;2;365.520;37;23,4
29.12.2020 02:50:23,294;2;364.760;37;23,4
29.12.2020 02:54:45,667;2;364.760;37;23,4
29.12.2020 02:54:45,672;2;364.760;37;23,4
29.12.2020 02:54:45,678;2;364.320;37;23,4
29.12.2020 02:59:08,040;2;364.320;37;23,4
29.12.2020 02:59:08,044;2;364.320;37;23,4
29.12.2020 02:59:08,050;2;363.400;37;23,4
29.12.2020 03:03:30,406;2;363.400;37;23,4
29.12.2020 03:03:30,416;2;363.400;37;23,4
29.12.2020 03:03:30,423;2;359.200;37;23,4
29.12.2020 03:07:52,778;2;359.200;37;23,4
29.12.2020 03:07:52,787;2;359.200;37;23,4
29.12.2020 03:07:52,793;2;363.240;37;23,4
29.12.2020 03:12:15,149;2;363.240;37;23,4
29.12.2020 03:12:15,154;2;363.240;37;23,4
29.12.2020 03:12:15,161;2;358.420;37;23,4
29.12.2020 03:16:37,515;2;358.420;37;23,4
29.12.2020 03:16:37,520;2;358.420;37,1;23,4
29.12.2020 03:16:37,527;2;358.940;37,1;23,4
29.12.2020 03:20:59,914;2;358.940;37,1;23,4
29.12.2020 03:20:59,918;2;358.940;37,1;23,4
29.12.2020 03:20:59,925;2;362.320;37,1;23,4
29.12.2020 03:21:01,863;2;362.320;37,1;23,4
29.12.2020 03:21:01,874;2;362.320;37,1;23,4
29.12.2020 03:21:01,880;2;362.320;37,1;23,4
29.12.2020 03:21:04,165;2;362.320;37,1;23,4
29.12.2020 03:21:04,174;2;362.320;37,1;23,4
29.12.2020 03:21:04,181;2;362.320;37,1;23,4
29.12.2020 03:21:06,181;2;362.320;37,1;23,4
29.12.2020 03:21:06,192;2;362.320;37,1;23,4
29.12.2020 03:21:06,199;2;362.320;37,1;23,4
29.12.2020 03:21:08,187;2;362.320;37,1;23,4
29.12.2020 03:21:08,190;2;362.320;37,1;23,4
29.12.2020 03:21:08,197;2;362.320;37,1;23,4
29.12.2020 03:25:21,319;2;362.320;37,1;23,3
29.12.2020 03:25:21,323;2;362.320;37,1;23,3
29.12.2020 03:25:21,330;2;361.800;37,1;23,3
29.12.2020 03:29:43,696;2;361.800;37,1;23,3
29.12.2020 03:29:43,700;2;361.800;37;23,3
29.12.2020 03:29:43,706;2;361.480;37;23,3
29.12.2020 03:38:28,405;2;361.480;37;23,3
29.12.2020 03:38:28,409;2;361.480;37,1;23,3
29.12.2020 03:38:28,415;2;355.080;37,1;23,3
29.12.2020 03:42:50,756;2;355.080;37,1;23,3
29.12.2020 03:42:50,766;2;355.080;37,1;23,3
29.12.2020 03:42:50,772;2;354.960;37,1;23,3
29.12.2020 03:47:13,115;2;354.960;37,1;23,2
29.12.2020 03:47:13,127;2;354.960;37,1;23,2
29.12.2020 03:47:13,133;2;355.320;37,1;23,2
29.12.2020 03:51:35,475;2;355.320;37,1;23,2
29.12.2020 03:51:35,479;2;355.320;37,1;23,2
29.12.2020 03:51:35,487;2;355.200;37,1;23,2
29.12.2020 03:55:57,832;2;355.200;37,1;23,2
29.12.2020 03:55:57,842;2;355.200;37,1;23,2
29.12.2020 03:55:57,847;2;354.860;37,1;23,2
29.12.2020 04:00:20,189;2;354.860;37,1;23,2
29.12.2020 04:00:20,200;2;354.860;37,1;23,2
29.12.2020 04:00:20,206;2;355.180;37,1;23,2
29.12.2020 04:04:42,549;2;355.180;37,1;23,2
29.12.2020 04:04:42,560;2;355.180;37,2;23,2
29.12.2020 04:04:42,567;2;353.920;37,2;23,2
29.12.2020 04:09:04,950;2;353.920;37,2;23,2
29.12.2020 04:09:04,954;2;353.920;37,2;23,2
29.12.2020 04:09:04,961;2;354.420;37,2;23,2
29.12.2020 04:13:27,295;2;354.420;37,2;23,2
29.12.2020 04:13:27,305;2;354.420;37,2;23,2
29.12.2020 04:13:27,311;2;353.380;37,2;23,2
29.12.2020 04:17:49,642;2;353.380;37,2;23,2
29.12.2020 04:17:49,651;2;353.380;37,2;23,2
29.12.2020 04:17:49,657;2;353.640;37,2;23,2
29.12.2020 04:22:11,988;2;353.640;37,2;23,2
29.12.2020 04:22:11,999;2;353.640;37,2;23,2
29.12.2020 04:22:12,005;2;353.740;37,2;23,2
29.12.2020 04:26:34,429;2;353.740;37,2;23,2
29.12.2020 04:26:34,434;2;353.740;37,2;23,2
29.12.2020 04:26:34,441;2;354.520;37,2;23,2
29.12.2020 04:30:56,770;2;354.520;37,2;23,2
29.12.2020 04:30:56,780;2;354.520;37,3;23,2
29.12.2020 04:30:56,787;2;353.280;37,3;23,2
29.12.2020 04:35:19,115;2;353.280;37,3;23,2
29.12.2020 04:35:19,126;2;353.280;37,3;23,2
29.12.2020 04:35:19,131;2;354.240;37,3;23,2
29.12.2020 04:39:41,456;2;354.240;37,3;23,2
29.12.2020 04:39:41,460;2;354.240;37,3;23,2
29.12.2020 04:39:41,467;2;354.840;37,3;23,2
29.12.2020 04:44:03,797;2;354.840;37,3;23,2
29.12.2020 04:44:03,800;2;354.840;37,3;23,2
29.12.2020 04:44:03,807;2;360.660;37,3;23,2
29.12.2020 04:48:26,130;2;360.660;37,3;23,2
29.12.2020 04:48:26,140;2;360.660;37,3;23,2
29.12.2020 04:48:26,146;2;356.900;37,3;23,2
29.12.2020 04:52:48,504;2;356.900;37,3;23,1
29.12.2020 04:52:48,507;2;356.900;37,3;23,1
29.12.2020 04:52:48,515;2;357.400;37,3;23,1
29.12.2020 04:57:10,834;2;357.400;37,3;23,1
29.12.2020 04:57:10,845;2;357.400;37,3;23,1
29.12.2020 04:57:10,853;2;357.820;37,3;23,1
29.12.2020 05:01:33,166;2;357.820;37,3;23,1
29.12.2020 05:01:33,177;2;357.820;37,3;23,1
29.12.2020 05:01:33,184;2;359.060;37,3;23,1
29.12.2020 05:05:55,500;2;359.060;37,3;23,1
29.12.2020 05:05:55,510;2;359.060;37,3;23,1
29.12.2020 05:05:55,518;2;364.060;37,3;23,1
29.12.2020 05:10:17,833;2;364.060;37,3;23,1
29.12.2020 05:10:17,844;2;364.060;37,3;23,1
29.12.2020 05:10:17,851;2;364.260;37,3;23,1
29.12.2020 05:14:40,171;2;364.260;37,3;23,1
29.12.2020 05:14:40,180;2;364.260;37,4;23,1
29.12.2020 05:14:40,186;2;364.340;37,4;23,1
29.12.2020 05:19:02,505;2;364.340;37,4;23,1
29.12.2020 05:19:02,509;2;364.340;37,4;23,1
29.12.2020 05:19:02,516;2;364.960;37,4;23,1
29.12.2020 05:23:24,829;2;364.960;37,4;23,1
29.12.2020 05:23:24,833;2;364.960;37,4;23,1
29.12.2020 05:23:24,840;2;365.360;37,4;23,1
29.12.2020 05:27:47,155;2;365.360;37,4;23,1
29.12.2020 05:27:47,165;2;365.360;37,4;23,1
29.12.2020 05:27:47,172;2;365.200;37,4;23,1
29.12.2020 05:32:09,507;2;365.200;37,4;23,1
29.12.2020 05:32:09,511;2;365.200;37,4;23,1
29.12.2020 05:32:09,518;2;365.540;37,4;23,1
29.12.2020 05:36:31,875;2;365.540;37,4;23,1
29.12.2020 05:36:31,877;2;365.540;37,4;23,1
29.12.2020 05:36:31,883;2;363.860;37,4;23,1
29.12.2020 05:40:54,197;2;363.860;37,4;23,1
29.12.2020 05:40:54,211;2;363.860;37,4;23,1
29.12.2020 05:40:54,219;2;363.680;37,4;23,1
29.12.2020 05:45:16,523;2;363.680;37,4;23,1
29.12.2020 05:45:16,532;2;363.680;37,5;23,1
29.12.2020 05:45:16,539;2;363.780;37,5;23,1
29.12.2020 05:49:38,853;2;363.780;37,5;23,1
29.12.2020 05:49:38,856;2;363.780;37,5;23,1
29.12.2020 05:49:38,862;2;362.700;37,5;23,1
29.12.2020 05:54:01,174;2;362.700;37,5;23,1
29.12.2020 05:54:01,183;2;362.700;37,5;23,1
29.12.2020 05:54:01,189;2;362.760;37,5;23,1
29.12.2020 05:58:23,499;2;362.760;37,5;23,1
29.12.2020 05:58:23,501;2;362.760;37,5;23,1
29.12.2020 05:58:23,508;2;358.640;37,5;23,1
29.12.2020 06:02:45,817;2;358.640;37,5;23,1
29.12.2020 06:02:45,826;2;358.640;37,5;23,1
29.12.2020 06:02:45,832;2;358.320;37,5;23,1
29.12.2020 06:07:08,144;2;358.320;37,5;23,1
29.12.2020 06:07:08,147;2;358.320;37,5;23,1
29.12.2020 06:07:08,152;2;362.080;37,5;23,1
29.12.2020 06:11:30,464;2;362.080;37,5;23,1
29.12.2020 06:11:30,468;2;362.080;37,6;23,1
29.12.2020 06:11:30,474;2;363.280;37,6;23,1
29.12.2020 06:15:52,784;2;363.280;37,6;23
29.12.2020 06:15:52,793;2;363.280;37,6;23
29.12.2020 06:15:52,799;2;359.640;37,6;23
29.12.2020 06:15:54,731;2;359.640;37,6;23
29.12.2020 06:15:54,739;2;359.640;37,6;23
29.12.2020 06:15:54,745;2;359.640;37,6;23
29.12.2020 06:15:57,032;2;359.640;37,6;23
29.12.2020 06:15:57,040;2;359.640;37,6;23
29.12.2020 06:15:57,046;2;359.640;37,6;23
29.12.2020 06:15:59,036;2;359.640;37,6;23
29.12.2020 06:15:59,044;2;359.640;37,6;23
29.12.2020 06:15:59,049;2;359.640;37,6;23
29.12.2020 06:16:01,040;2;359.640;37,6;23
29.12.2020 06:16:01,042;2;359.640;37,6;23
29.12.2020 06:16:01,047;2;359.640;37,6;23
29.12.2020 06:20:14,159;2;359.640;37,6;23
29.12.2020 06:20:14,162;2;359.640;37,6;23
29.12.2020 06:20:14,167;2;363.320;37,6;23
29.12.2020 06:24:36,490;2;363.320;37,6;23,1
29.12.2020 06:24:36,494;2;363.320;37,6;23,1
29.12.2020 06:24:36,500;2;364.520;37,6;23,1
29.12.2020 06:28:58,820;2;364.520;37,6;23,1
29.12.2020 06:28:58,824;2;364.520;37,6;23,1
29.12.2020 06:28:58,830;2;364.700;37,6;23,1
29.12.2020 06:33:21,144;2;364.700;37,6;23,1
29.12.2020 06:33:21,154;2;364.700;37,6;23,1
29.12.2020 06:33:21,160;2;365.360;37,6;23,1
29.12.2020 06:37:43,564;2;365.360;37,6;23,1
29.12.2020 06:37:43,568;2;365.360;37,6;23,1
29.12.2020 06:37:43,573;2;365.140;37,6;23,1
29.12.2020 06:42:05,894;2;365.140;37,6;23,1
29.12.2020 06:42:05,898;2;365.140;37,6;23,1
29.12.2020 06:42:05,904;2;366.000;37,6;23,1
29.12.2020 06:46:28,220;2;366.000;37,6;23,1
29.12.2020 06:46:28,229;2;366.000;37,6;23,1
29.12.2020 06:46:28,237;2;364.300;37,6;23,1
29.12.2020 06:50:50,540;2;364.300;37,6;23,1
29.12.2020 06:50:50,549;2;364.300;37,6;23,1
29.12.2020 06:50:50,555;2;364.320;37,6;23,1
29.12.2020 06:55:12,865;2;364.320;37,6;23,1
29.12.2020 06:55:12,869;2;364.320;37,6;23,1
29.12.2020 06:55:12,874;2;359.240;37,6;23,1
29.12.2020 06:59:35,188;2;359.240;37,6;23,1
29.12.2020 06:59:35,191;2;359.240;37,6;23,1
29.12.2020 06:59:35,197;2;357.820;37,6;23,1
29.12.2020 07:03:57,550;2;357.820;37,6;23,1
29.12.2020 07:03:57,554;2;357.820;37,7;23,1
29.12.2020 07:03:57,559;2;356.560;37,7;23,1
29.12.2020 07:08:19,866;2;356.560;37,7;23,1
29.12.2020 07:08:19,875;2;356.560;37,7;23,1
29.12.2020 07:08:19,881;2;354.420;37,7;23,1
29.12.2020 07:12:42,186;2;354.420;37,7;23,1
29.12.2020 07:12:42,196;2;354.420;37,7;23,1
29.12.2020 07:12:42,201;2;384.520;37,7;23,1
29.12.2020 07:17:04,458;2;384.520;37,7;23
29.12.2020 07:17:04,462;2;384.520;32,8;23
29.12.2020 07:17:04,468;2;448.800;32,8;23
29.12.2020 07:21:26,659;2;448.800;32,8;22,3
29.12.2020 07:21:26,669;2;448.800;28,8;22,3
29.12.2020 07:21:26,676;2;494.000;28,8;22,3
29.12.2020 07:25:48,820;2;494.000;28,8;21,7
29.12.2020 07:25:48,829;2;494.000;30;21,7
29.12.2020 07:25:48,835;2;528.580;30;21,7
29.12.2020 07:30:10,949;2;528.580;30;21,3
29.12.2020 07:30:10,959;2;528.580;29,9;21,3
29.12.2020 07:30:10,964;2;552.000;29,9;21,3
29.12.2020 07:34:33,064;2;552.000;29,9;21,1
29.12.2020 07:34:33,068;2;552.000;30,9;21,1
29.12.2020 07:34:33,073;2;566.280;30,9;21,1
29.12.2020 07:38:55,172;2;566.280;30,9;21,2
29.12.2020 07:38:55,182;2;566.280;32,2;21,2
29.12.2020 07:38:55,187;2;575.000;32,2;21,2
29.12.2020 07:43:17,309;2;575.000;32,2;21,4
29.12.2020 07:43:17,313;2;575.000;32,6;21,4
29.12.2020 07:43:17,318;2;581.320;32,6;21,4
29.12.2020 07:47:39,593;2;581.320;32,6;21,6
29.12.2020 07:47:39,597;2;581.320;33;21,6
29.12.2020 07:47:39,603;2;580.700;33;21,6
29.12.2020 07:52:01,762;2;580.700;33;21,7
29.12.2020 07:52:01,772;2;580.700;33,5;21,7
29.12.2020 07:52:01,776;2;579.560;33,5;21,7
29.12.2020 07:56:23,933;2;579.560;33,5;21,8
29.12.2020 07:56:23,937;2;579.560;32,2;21,8
29.12.2020 07:56:23,942;2;564.820;32,2;21,8
29.12.2020 08:00:46,113;2;564.820;32,2;21,8
29.12.2020 08:00:46,122;2;564.820;33,6;21,8
29.12.2020 08:00:46,129;2;540.700;33,6;21,8
29.12.2020 08:05:08,301;2;540.700;33,6;21,9
29.12.2020 08:05:08,305;2;540.700;33,9;21,9
29.12.2020 08:05:08,311;2;530.140;33,9;21,9
29.12.2020 08:09:30,496;2;530.140;33,9;22
29.12.2020 08:09:30,506;2;530.140;34,1;22
29.12.2020 08:09:30,514;2;521.660;34,1;22
29.12.2020 08:13:52,705;2;521.660;34,1;22
29.12.2020 08:13:52,709;2;521.660;34,4;22
29.12.2020 08:13:52,716;2;516.520;34,4;22
29.12.2020 08:18:14,918;2;516.520;34,4;22,1
29.12.2020 08:18:14,929;2;516.520;34,6;22,1
29.12.2020 08:18:14,936;2;514.140;34,6;22,1
29.12.2020 08:22:37,130;2;514.140;34,6;22,1
29.12.2020 08:22:37,140;2;514.140;34,8;22,1
29.12.2020 08:22:37,147;2;511.100;34,8;22,1
29.12.2020 08:26:59,353;2;511.100;34,8;22,2
29.12.2020 08:26:59,363;2;511.100;35;22,2
29.12.2020 08:26:59,369;2;510.480;35;22,2
29.12.2020 08:31:21,625;2;510.480;35;22,2
29.12.2020 08:31:21,634;2;510.480;35,3;22,2
29.12.2020 08:31:21,640;2;507.760;35,3;22,2
29.12.2020 08:35:43,847;2;507.760;35,3;22,2
29.12.2020 08:35:43,851;2;507.760;35,4;22,2
29.12.2020 08:35:43,857;2;509.200;35,4;22,2
29.12.2020 08:40:06,066;2;509.200;35,4;22,2
29.12.2020 08:40:06,076;2;509.200;35,3;22,2
29.12.2020 08:40:06,081;2;512.800;35,3;22,2
29.12.2020 08:44:28,305;2;512.800;35,3;22,3
29.12.2020 08:44:28,309;2;512.800;35,4;22,3
29.12.2020 08:44:28,315;2;512.500;35,4;22,3
29.12.2020 08:48:50,543;2;512.500;35,4;22,3
29.12.2020 08:48:50,547;2;512.500;35,5;22,3
29.12.2020 08:48:50,553;2;513.820;35,5;22,3
29.12.2020 08:53:12,871;2;513.820;35,5;22,3
29.12.2020 08:53:12,874;2;513.820;35,7;22,3
29.12.2020 08:53:12,880;2;515.280;35,7;22,3
29.12.2020 08:57:35,107;2;515.280;35,7;22,3
29.12.2020 08:57:35,110;2;515.280;35,6;22,3
29.12.2020 08:57:35,116;2;515.320;35,6;22,3
29.12.2020 09:01:57,345;2;515.320;35,6;22,3
29.12.2020 09:01:57,354;2;515.320;35,6;22,3
29.12.2020 09:01:57,360;2;515.960;35,6;22,3
29.12.2020 09:06:19,585;2;515.960;35,6;22,4
29.12.2020 09:06:19,594;2;515.960;35,7;22,4
29.12.2020 09:06:19,600;2;517.180;35,7;22,4
29.12.2020 09:10:41,820;2;517.180;35,7;22,4
29.12.2020 09:10:41,830;2;517.180;35,7;22,4
29.12.2020 09:10:41,837;2;516.460;35,7;22,4
29.12.2020 09:10:43,773;2;516.460;35,7;22,4
29.12.2020 09:10:43,784;2;516.460;35,7;22,4
29.12.2020 09:10:43,789;2;516.460;35,7;22,4
29.12.2020 09:10:46,075;2;516.460;35,7;22,4
29.12.2020 09:10:46,083;2;516.460;35,7;22,4
29.12.2020 09:10:46,088;2;516.460;35,7;22,4
29.12.2020 09:10:48,087;2;516.460;35,7;22,4
29.12.2020 09:10:48,089;2;516.460;35,7;22,4
29.12.2020 09:10:48,095;2;516.460;35,7;22,4
29.12.2020 09:10:50,089;2;516.460;35,7;22,4
29.12.2020 09:10:50,092;2;516.460;35,7;22,4
29.12.2020 09:10:50,098;2;516.460;35,7;22,4
29.12.2020 09:15:03,104;2;516.460;35,7;22,4
29.12.2020 09:15:03,107;2;516.460;35,8;22,4
29.12.2020 09:15:03,111;2;517.920;35,8;22,4
29.12.2020 09:19:25,349;2;517.920;35,8;22,4
29.12.2020 09:19:25,358;2;517.920;35,8;22,4
29.12.2020 09:19:25,365;2;518.240;35,8;22,4
29.12.2020 09:23:47,598;2;518.240;35,8;22,4
29.12.2020 09:23:47,607;2;518.240;35,8;22,4
29.12.2020 09:23:47,613;2;520.620;35,8;22,4
29.12.2020 09:28:09,842;2;520.620;35,8;22,4
29.12.2020 09:28:09,845;2;520.620;35,8;22,4
29.12.2020 09:28:09,851;2;520.920;35,8;22,4
29.12.2020 09:32:32,086;2;520.920;35,8;22,4
29.12.2020 09:32:32,094;2;520.920;35,7;22,4
29.12.2020 09:32:32,100;2;520.240;35,7;22,4
29.12.2020 09:36:54,324;2;520.240;35,7;22,4
29.12.2020 09:36:54,334;2;520.240;35,7;22,4
29.12.2020 09:36:54,341;2;520.340;35,7;22,4
29.12.2020 09:41:16,568;2;520.340;35,7;22,4
29.12.2020 09:41:16,578;2;520.340;35,7;22,4
29.12.2020 09:41:16,584;2;523.020;35,7;22,4
29.12.2020 09:45:38,817;2;523.020;35,7;22,5
29.12.2020 09:45:38,821;2;523.020;35,7;22,5
29.12.2020 09:45:38,826;2;523.280;35,7;22,5
29.12.2020 09:50:01,057;2;523.280;35,7;22,5
29.12.2020 09:50:01,059;2;523.280;35,7;22,5
29.12.2020 09:50:01,064;2;521.020;35,7;22,5
29.12.2020 09:54:23,309;2;521.020;35,7;22,5
29.12.2020 09:54:23,313;2;521.020;35,7;22,5
29.12.2020 09:54:23,320;2;522.960;35,7;22,5
29.12.2020 09:58:45,679;2;522.960;35,7;22,5
29.12.2020 09:58:45,689;2;522.960;35,7;22,5
29.12.2020 09:58:45,695;2;530.680;35,7;22,5
29.12.2020 10:03:07,927;2;530.680;35,7;22,4
29.12.2020 10:03:07,937;2;530.680;34,6;22,4
29.12.2020 10:03:07,943;2;534.520;34,6;22,4
29.12.2020 10:07:30,178;2;534.520;34,6;22,4
29.12.2020 10:07:30,180;2;534.520;35,1;22,4
29.12.2020 10:07:30,186;2;535.140;35,1;22,4
29.12.2020 10:11:52,417;2;535.140;35,1;22,4
29.12.2020 10:11:52,424;2;535.140;35,3;22,4
29.12.2020 10:11:52,428;2;537.060;35,3;22,4
29.12.2020 10:16:14,661;2;537.060;35,3;22,4
29.12.2020 10:16:14,665;2;537.060;35,3;22,4
29.12.2020 10:16:14,671;2;537.580;35,3;22,4
29.12.2020 10:20:36,900;2;537.580;35,3;22,4
29.12.2020 10:20:36,908;2;537.580;35,4;22,4
29.12.2020 10:20:36,914;2;534.260;35,4;22,4
29.12.2020 10:24:59,142;2;534.260;35,4;22,4
29.12.2020 10:24:59,150;2;534.260;35,6;22,4
29.12.2020 10:24:59,156;2;533.060;35,6;22,4
29.12.2020 10:29:21,384;2;533.060;35,6;22,4
29.12.2020 10:29:21,393;2;533.060;35,8;22,4
29.12.2020 10:29:21,399;2;531.320;35,8;22,4
29.12.2020 10:33:43,630;2;531.320;35,8;22,4
29.12.2020 10:33:43,639;2;531.320;36;22,4
29.12.2020 10:33:43,646;2;529.180;36;22,4
29.12.2020 10:38:05,873;2;529.180;36;22,4
29.12.2020 10:38:05,876;2;529.180;36,2;22,4
29.12.2020 10:38:05,882;2;529.100;36,2;22,4
29.12.2020 10:42:28,159;2;529.100;36,2;22,4
29.12.2020 10:42:28,163;2;529.100;36,2;22,4
29.12.2020 10:42:28,170;2;527.280;36,2;22,4
29.12.2020 10:46:50,398;2;527.280;36,2;22,4
29.12.2020 10:46:50,408;2;527.280;36,2;22,4
29.12.2020 10:46:50,414;2;526.800;36,2;22,4
29.12.2020 10:51:12,647;2;526.800;36,2;22,4
29.12.2020 10:51:12,656;2;526.800;36,3;22,4
29.12.2020 10:51:12,662;2;525.520;36,3;22,4
29.12.2020 10:55:34,896;2;525.520;36,3;22,4
29.12.2020 10:55:34,906;2;525.520;36,4;22,4
29.12.2020 10:55:34,912;2;524.080;36,4;22,4
29.12.2020 10:59:57,155;2;524.080;36,4;22,4
29.12.2020 10:59:57,159;2;524.080;36,6;22,4
29.12.2020 10:59:57,164;2;522.200;36,6;22,4
29.12.2020 11:00:00,000;2;522.200;36,6;22,4
