;Datenpunkt;Luftgütesensor 3.AQ_GAS_RESISTANCE_RAW;Luftgütesensor 3.HUMIDITY;Luftgütesensor 3.TEMPERATURE
;Einheit;Ohm;%;°C
Zeitstempel;Status;Wert;Wert;Wert
30.11.2020 18:50:03.616;2;57.260;36;21.1
30.11.2020 18:53:32.447;2;57.260;36;21.1
30.11.2020 18:53:32.458;2;57.260;36;21.1
30.11.2020 18:53:32.464;2;57.380;36;21.1
30.11.2020 18:57:57.792;2;57.380;36;21.2
30.11.2020 18:57:57.802;2;57.380;36;21.2
30.11.2020 18:57:57.806;2;57.360;36;21.2
30.11.2020 19:02:23.151;2;57.360;36;21.2
30.11.2020 19:02:23.155;2;57.360;36;21.2
30.11.2020 19:02:23.160;2;57.400;36;21.2
30.11.2020 19:06:48.504;2;57.400;36;21.3
30.11.2020 19:06:48.514;2;57.400;36;21.3
30.11.2020 19:06:48.519;2;57.360;36;21.3
30.11.2020 19:11:13.862;2;57.360;36;21.4
30.11.2020 19:11:13.864;2;57.360;36;21.4
30.11.2020 19:11:13.870;2;57.260;36;21.4
30.11.2020 19:15:39.225;2;57.260;36;21.4
30.11.2020 19:15:39.228;2;57.260;36;21.4
30.11.2020 19:15:39.234;2;57.120;36;21.4
30.11.2020 19:20:04.575;2;57.120;36;21.4
30.11.2020 19:20:04.584;2;57.120;37;21.4
30.11.2020 19:20:04.589;2;56.920;37;21.4
30.11.2020 19:24:29.931;2;56.920;37;21.4
30.11.2020 19:24:29.934;2;56.920;37;21.4
30.11.2020 19:24:29.940;2;56.740;37;21.4
30.11.2020 19:28:55.288;2;56.740;37;21.5
30.11.2020 19:28:55.291;2;56.740;37;21.5
30.11.2020 19:28:55.295;2;56.500;37;21.5
30.11.2020 19:33:20.655;2;56.500;37;21.5
30.11.2020 19:33:20.664;2;56.500;37;21.5
30.11.2020 19:33:20.669;2;56.260;37;21.5
30.11.2020 19:37:46.036;2;56.260;37;21.5
30.11.2020 19:37:46.039;2;56.260;37;21.5
30.11.2020 19:37:46.045;2;56.020;37;21.5
30.11.2020 19:42:11.417;2;56.020;37;21.5
30.11.2020 19:42:11.426;2;56.020;37;21.5
30.11.2020 19:42:11.431;2;55.840;37;21.5
30.11.2020 19:46:36.804;2;55.840;37;21.4
30.11.2020 19:46:36.814;2;55.840;37;21.4
30.11.2020 19:46:36.819;2;55.540;37;21.4
30.11.2020 19:51:02.187;2;55.540;37;21.4
30.11.2020 19:51:02.189;2;55.540;37;21.4
30.11.2020 19:51:02.194;2;55.360;37;21.4
30.11.2020 19:55:27.466;2;55.360;37;21.4
30.11.2020 19:55:27.475;2;55.360;38;21.4
30.11.2020 19:55:27.481;2;55.200;38;21.4
30.11.2020 19:59:52.847;2;55.200;38;21.4
30.11.2020 19:59:52.849;2;55.200;38;21.4
30.11.2020 19:59:52.854;2;55.040;38;21.4
30.11.2020 20:04:18.228;2;55.040;38;21.4
30.11.2020 20:04:18.232;2;55.040;38;21.4
30.11.2020 20:04:18.238;2;54.780;38;21.4
30.11.2020 20:08:43.611;2;54.780;38;21.4
30.11.2020 20:08:43.614;2;54.780;38;21.4
30.11.2020 20:08:43.620;2;54.640;38;21.4
30.11.2020 20:13:08.987;2;54.640;38;21.4
30.11.2020 20:13:08.997;2;54.640;38;21.4
30.11.2020 20:13:09.002;2;54.480;38;21.4
30.11.2020 20:17:34.362;2;54.480;38;21.4
30.11.2020 20:17:34.366;2;54.480;38;21.4
30.11.2020 20:17:34.371;2;54.420;38;21.4
30.11.2020 20:21:59.733;2;54.420;38;21.3
30.11.2020 20:21:59.735;2;54.420;38;21.3
30.11.2020 20:21:59.741;2;54.280;38;21.3
30.11.2020 20:26:25.103;2;54.280;38;21.3
30.11.2020 20:26:25.106;2;54.280;38;21.3
30.11.2020 20:26:25.111;2;54.120;38;21.3
30.11.2020 20:30:50.466;2;54.120;38;21.3
30.11.2020 20:30:50.470;2;54.120;38;21.3
30.11.2020 20:30:50.475;2;53.860;38;21.3
30.11.2020 20:35:15.838;2;53.860;38;21.3
30.11.2020 20:35:15.842;2;53.860;38;21.3
30.11.2020 20:35:15.847;2;53.620;38;21.3
30.11.2020 20:39:41.197;2;53.620;38;21.3
30.11.2020 20:39:41.200;2;53.620;39;21.3
30.11.2020 20:39:41.205;2;53.340;39;21.3
30.11.2020 20:44:06.560;2;53.340;39;21.4
30.11.2020 20:44:06.563;2;53.340;38;21.4
30.11.2020 20:44:06.568;2;53.160;38;21.4
30.11.2020 20:48:31.921;2;53.160;38;21.3
30.11.2020 20:48:31.923;2;53.160;39;21.3
30.11.2020 20:48:31.928;2;52.800;39;21.3
30.11.2020 20:52:57.282;2;52.800;39;21.3
30.11.2020 20:52:57.285;2;52.800;39;21.3
30.11.2020 20:52:57.289;2;52.720;39;21.3
30.11.2020 20:57:22.637;2;52.720;39;21.2
30.11.2020 20:57:22.640;2;52.720;39;21.2
30.11.2020 20:57:22.644;2;52.680;39;21.2
30.11.2020 21:01:47.987;2;52.680;39;21.2
30.11.2020 21:01:47.990;2;52.680;39;21.2
30.11.2020 21:01:47.994;2;52.720;39;21.2
30.11.2020 21:06:13.337;2;52.720;39;21.1
30.11.2020 21:06:13.340;2;52.720;39;21.1
30.11.2020 21:06:13.344;2;52.600;39;21.1
30.11.2020 21:10:38.678;2;52.600;39;21.1
30.11.2020 21:10:38.688;2;52.600;39;21.1
30.11.2020 21:10:38.693;2;52.560;39;21.1
30.11.2020 21:15:04.016;2;52.560;39;21.1
30.11.2020 21:15:04.025;2;52.560;39;21.1
30.11.2020 21:15:04.033;2;52.600;39;21.1
30.11.2020 21:19:29.344;2;52.600;39;21.1
30.11.2020 21:19:29.353;2;52.600;39;21.1
30.11.2020 21:19:29.358;2;52.620;39;21.1
30.11.2020 21:23:54.669;2;52.620;39;21.1
30.11.2020 21:23:54.672;2;52.620;39;21.1
30.11.2020 21:23:54.677;2;52.600;39;21.1
30.11.2020 21:28:19.986;2;52.600;39;21
30.11.2020 21:28:19.995;2;52.600;39;21
30.11.2020 21:28:20.001;2;52.660;39;21
30.11.2020 21:32:45.310;2;52.660;39;21
30.11.2020 21:32:45.313;2;52.660;39;21
30.11.2020 21:32:45.318;2;52.460;39;21
30.11.2020 21:37:10.636;2;52.460;39;21
30.11.2020 21:37:10.645;2;52.460;40;21
30.11.2020 21:37:10.650;2;52.120;40;21
30.11.2020 21:41:35.963;2;52.120;40;21.1
30.11.2020 21:41:35.966;2;52.120;39;21.1
30.11.2020 21:41:35.972;2;52.060;39;21.1
30.11.2020 21:46:01.275;2;52.060;39;21.1
30.11.2020 21:46:01.284;2;52.060;39;21.1
30.11.2020 21:46:01.289;2;51.800;39;21.1
30.11.2020 21:50:26.604;2;51.800;39;21.1
30.11.2020 21:50:26.606;2;51.800;39;21.1
30.11.2020 21:50:26.611;2;51.560;39;21.1
30.11.2020 21:54:51.927;2;51.560;39;21
30.11.2020 21:54:51.929;2;51.560;39;21
30.11.2020 21:54:51.935;2;51.300;39;21
30.11.2020 21:59:17.245;2;51.300;39;21
30.11.2020 21:59:17.253;2;51.300;39;21
30.11.2020 21:59:17.258;2;51.200;39;21
30.11.2020 22:03:42.567;2;51.200;39;21
30.11.2020 22:03:42.576;2;51.200;39;21
30.11.2020 22:03:42.581;2;50.900;39;21
30.11.2020 22:08:07.893;2;50.900;39;21
30.11.2020 22:08:07.896;2;50.900;40;21
30.11.2020 22:08:07.901;2;50.680;40;21
30.11.2020 22:12:33.221;2;50.680;40;21
30.11.2020 22:12:33.223;2;50.680;40;21
30.11.2020 22:12:33.227;2;50.480;40;21
30.11.2020 22:16:58.548;2;50.480;40;21
30.11.2020 22:16:58.550;2;50.480;39;21
30.11.2020 22:16:58.555;2;50.380;39;21
30.11.2020 22:21:23.871;2;50.380;39;21
30.11.2020 22:21:23.874;2;50.380;40;21
30.11.2020 22:21:23.879;2;50.240;40;21
30.11.2020 22:25:49.196;2;50.240;40;21
30.11.2020 22:25:49.205;2;50.240;40;21
30.11.2020 22:25:49.210;2;50.080;40;21
30.11.2020 22:30:14.519;2;50.080;40;21
30.11.2020 22:30:14.527;2;50.080;40;21
30.11.2020 22:30:14.532;2;50.020;40;21
30.11.2020 22:34:39.848;2;50.020;40;21
30.11.2020 22:34:39.851;2;50.020;40;21
30.11.2020 22:34:39.856;2;49.980;40;21
30.11.2020 22:39:05.179;2;49.980;40;21
30.11.2020 22:39:05.187;2;49.980;40;21
30.11.2020 22:39:05.192;2;49.900;40;21
30.11.2020 22:43:30.508;2;49.900;40;21.1
30.11.2020 22:43:30.516;2;49.900;40;21.1
30.11.2020 22:43:30.521;2;49.800;40;21.1
30.11.2020 22:47:55.844;2;49.800;40;21.1
30.11.2020 22:47:55.854;2;49.800;40;21.1
30.11.2020 22:47:55.860;2;49.840;40;21.1
30.11.2020 22:52:21.172;2;49.840;40;21.1
30.11.2020 22:52:21.182;2;49.840;40;21.1
30.11.2020 22:52:21.187;2;49.880;40;21.1
30.11.2020 22:56:46.506;2;49.880;40;21
30.11.2020 22:56:46.515;2;49.880;40;21
30.11.2020 22:56:46.520;2;49.760;40;21
30.11.2020 23:01:11.848;2;49.760;40;21
30.11.2020 23:01:11.851;2;49.760;40;21
30.11.2020 23:01:11.855;2;49.740;40;21
30.11.2020 23:05:37.191;2;49.740;40;21
30.11.2020 23:05:37.195;2;49.740;40;21
30.11.2020 23:05:37.201;2;49.720;40;21
30.11.2020 23:10:02.527;2;49.720;40;21
30.11.2020 23:10:02.538;2;49.720;40;21
30.11.2020 23:10:02.544;2;49.820;40;21
30.11.2020 23:14:27.864;2;49.820;40;21.1
30.11.2020 23:14:27.873;2;49.820;40;21.1
30.11.2020 23:14:27.878;2;49.800;40;21.1
30.11.2020 23:18:53.208;2;49.800;40;21.1
30.11.2020 23:18:53.211;2;49.800;40;21.1
30.11.2020 23:18:53.216;2;49.680;40;21.1
30.11.2020 23:23:18.538;2;49.680;40;21.1
30.11.2020 23:23:18.541;2;49.680;40;21.1
30.11.2020 23:23:18.545;2;49.760;40;21.1
30.11.2020 23:27:43.872;2;49.760;40;21.1
30.11.2020 23:27:43.875;2;49.760;40;21.1
30.11.2020 23:27:43.879;2;49.720;40;21.1
30.11.2020 23:32:09.207;2;49.720;40;21.1
30.11.2020 23:32:09.217;2;49.720;40;21.1
30.11.2020 23:32:09.223;2;49.480;40;21.1
30.11.2020 23:36:34.546;2;49.480;40;21.1
30.11.2020 23:36:34.548;2;49.480;40;21.1
30.11.2020 23:36:34.552;2;49.620;40;21.1
30.11.2020 23:40:59.881;2;49.620;40;21.1
30.11.2020 23:40:59.889;2;49.620;40;21.1
30.11.2020 23:40:59.894;2;49.740;40;21.1
30.11.2020 23:45:25.203;2;49.740;40;21.1
30.11.2020 23:45:25.211;2;49.740;40;21.1
30.11.2020 23:45:25.216;2;49.720;40;21.1
30.11.2020 23:49:50.520;2;49.720;40;21.2
30.11.2020 23:49:50.523;2;49.720;40;21.2
30.11.2020 23:49:50.528;2;49.760;40;21.2
30.11.2020 23:54:15.833;2;49.760;40;21.2
30.11.2020 23:54:15.836;2;49.760;40;21.2
30.11.2020 23:54:15.841;2;49.580;40;21.2
30.11.2020 23:58:41.130;2;49.580;40;21.1
30.11.2020 23:58:41.138;2;49.580;40;21.1
30.11.2020 23:58:41.142;2;49.520;40;21.1
01.12.2020 00:03:06.447;2;49.520;40;21.1
01.12.2020 00:03:06.463;2;49.520;40;21.1
01.12.2020 00:03:06.467;2;49.720;40;21.1
01.12.2020 00:07:31.751;2;49.720;40;21.1
01.12.2020 00:07:31.754;2;49.720;40;21.1
01.12.2020 00:07:31.759;2;49.620;40;21.1
01.12.2020 00:11:57.059;2;49.620;40;21
01.12.2020 00:11:57.068;2;49.620;40;21
01.12.2020 00:11:57.073;2;49.560;40;21
01.12.2020 00:16:22.365;2;49.560;40;21
01.12.2020 00:16:22.374;2;49.560;40;21
01.12.2020 00:16:22.379;2;49.680;40;21
01.12.2020 00:20:47.671;2;49.680;40;20.9
01.12.2020 00:20:47.673;2;49.680;40;20.9
01.12.2020 00:20:47.678;2;49.700;40;20.9
01.12.2020 00:25:12.977;2;49.700;40;20.9
01.12.2020 00:25:12.986;2;49.700;40;20.9
01.12.2020 00:25:12.991;2;49.180;40;20.9
01.12.2020 00:29:38.287;2;49.180;40;21.1
01.12.2020 00:29:38.290;2;49.180;40;21.1
01.12.2020 00:29:38.295;2;48.760;40;21.1
01.12.2020 00:34:03.600;2;48.760;40;21.1
01.12.2020 00:34:03.609;2;48.760;40;21.1
01.12.2020 00:34:03.614;2;48.560;40;21.1
01.12.2020 00:38:28.904;2;48.560;40;21.1
01.12.2020 00:38:28.913;2;48.560;40;21.1
01.12.2020 00:38:28.918;2;48.680;40;21.1
01.12.2020 00:42:54.213;2;48.680;40;21
01.12.2020 00:42:54.215;2;48.680;40;21
01.12.2020 00:42:54.219;2;48.420;40;21
01.12.2020 00:47:19.514;2;48.420;40;21
01.12.2020 00:47:19.517;2;48.420;40;21
01.12.2020 00:47:19.522;2;48.020;40;21
01.12.2020 00:51:44.831;2;48.020;40;21.1
01.12.2020 00:51:44.840;2;48.020;40;21.1
01.12.2020 00:51:44.845;2;47.520;40;21.1
01.12.2020 01:00:35.459;2;47.520;40;21.1
01.12.2020 01:00:35.467;2;47.520;40;21.1
01.12.2020 01:00:35.473;2;47.180;40;21.1
01.12.2020 01:05:00.764;2;47.180;40;21
01.12.2020 01:05:00.768;2;47.180;40;21
01.12.2020 01:05:00.780;2;47.060;40;21
01.12.2020 01:09:26.077;2;47.060;40;21
01.12.2020 01:09:26.083;2;47.060;40;21
01.12.2020 01:09:26.093;2;46.860;40;21
01.12.2020 01:13:51.411;2;46.860;40;21
01.12.2020 01:13:51.417;2;46.860;40;21
01.12.2020 01:13:51.427;2;46.900;40;21
01.12.2020 01:18:16.744;2;46.900;40;21
01.12.2020 01:18:16.756;2;46.900;40;21
01.12.2020 01:18:16.765;2;46.680;40;21
01.12.2020 01:22:42.083;2;46.680;40;21
01.12.2020 01:22:42.086;2;46.680;40;21
01.12.2020 01:22:42.095;2;46.560;40;21
01.12.2020 01:27:07.418;2;46.560;40;21
01.12.2020 01:27:07.421;2;46.560;40;21
01.12.2020 01:27:07.429;2;46.500;40;21
01.12.2020 01:31:32.754;2;46.500;40;21
01.12.2020 01:31:32.764;2;46.500;40;21
01.12.2020 01:31:32.772;2;46.440;40;21
01.12.2020 01:35:58.092;2;46.440;40;21
01.12.2020 01:35:58.103;2;46.440;40;21
01.12.2020 01:35:58.110;2;46.420;40;21
01.12.2020 01:40:23.427;2;46.420;40;21
01.12.2020 01:40:23.431;2;46.420;40;21
01.12.2020 01:40:23.437;2;46.460;40;21
01.12.2020 01:44:48.735;2;46.460;40;20.9
01.12.2020 01:44:48.740;2;46.460;40;20.9
01.12.2020 01:44:48.747;2;46.520;40;20.9
01.12.2020 01:49:13.936;2;46.520;40;20.9
01.12.2020 01:49:13.938;2;46.520;40;20.9
01.12.2020 01:49:13.945;2;46.600;40;20.9
01.12.2020 01:53:39.240;2;46.600;40;20.9
01.12.2020 01:53:39.242;2;46.600;40;20.9
01.12.2020 01:53:39.249;2;46.620;40;20.9
01.12.2020 01:58:04.538;2;46.620;40;20.9
01.12.2020 01:58:04.540;2;46.620;41;20.9
01.12.2020 01:58:04.546;2;46.640;41;20.9
01.12.2020 02:02:29.841;2;46.640;41;20.8
01.12.2020 02:02:29.844;2;46.640;41;20.8
01.12.2020 02:02:29.851;2;46.560;41;20.8
01.12.2020 02:06:55.133;2;46.560;41;20.8
01.12.2020 02:06:55.137;2;46.560;41;20.8
01.12.2020 02:06:55.144;2;46.540;41;20.8
01.12.2020 02:11:20.418;2;46.540;41;20.8
01.12.2020 02:11:20.423;2;46.540;41;20.8
01.12.2020 02:11:20.429;2;46.420;41;20.8
01.12.2020 02:15:45.707;2;46.420;41;20.8
01.12.2020 02:15:45.718;2;46.420;41;20.8
01.12.2020 02:15:45.724;2;46.540;41;20.8
01.12.2020 02:20:11.002;2;46.540;41;20.8
01.12.2020 02:20:11.012;2;46.540;41;20.8
01.12.2020 02:20:11.018;2;46.700;41;20.8
01.12.2020 02:24:36.292;2;46.700;41;20.8
01.12.2020 02:24:36.296;2;46.700;41;20.8
01.12.2020 02:24:36.303;2;46.640;41;20.8
01.12.2020 02:29:01.589;2;46.640;41;20.8
01.12.2020 02:29:01.598;2;46.640;41;20.8
01.12.2020 02:29:01.604;2;46.460;41;20.8
01.12.2020 02:33:26.894;2;46.460;41;21
01.12.2020 02:33:26.898;2;46.460;41;21
01.12.2020 02:33:26.904;2;46.140;41;21
01.12.2020 02:37:52.203;2;46.140;41;21.1
01.12.2020 02:37:52.214;2;46.140;40;21.1
01.12.2020 02:37:52.220;2;46.020;40;21.1
01.12.2020 02:42:17.518;2;46.020;40;21.2
01.12.2020 02:42:17.528;2;46.020;40;21.2
01.12.2020 02:42:17.534;2;46.280;40;21.2
01.12.2020 02:46:42.832;2;46.280;40;21.3
01.12.2020 02:46:42.842;2;46.280;40;21.3
01.12.2020 02:46:42.848;2;46.200;40;21.3
01.12.2020 02:51:08.163;2;46.200;40;21.3
01.12.2020 02:51:08.167;2;46.200;40;21.3
01.12.2020 02:51:08.172;2;46.020;40;21.3
01.12.2020 02:55:33.485;2;46.020;40;21.4
01.12.2020 02:55:33.494;2;46.020;40;21.4
01.12.2020 02:55:33.499;2;46.000;40;21.4
01.12.2020 02:59:58.813;2;46.000;40;21.4
01.12.2020 02:59:58.823;2;46.000;40;21.4
01.12.2020 02:59:58.829;2;46.040;40;21.4
01.12.2020 03:04:24.146;2;46.040;40;21.4
01.12.2020 03:04:24.149;2;46.040;40;21.4
01.12.2020 03:04:24.152;2;46.040;40;21.4
01.12.2020 03:08:49.470;2;46.040;40;21.4
01.12.2020 03:08:49.474;2;46.040;40;21.4
01.12.2020 03:08:49.478;2;46.100;40;21.4
01.12.2020 03:13:14.793;2;46.100;40;21.4
01.12.2020 03:13:14.802;2;46.100;40;21.4
01.12.2020 03:13:14.807;2;46.080;40;21.4
01.12.2020 03:17:40.123;2;46.080;40;21.5
01.12.2020 03:17:40.132;2;46.080;40;21.5
01.12.2020 03:17:40.136;2;46.060;40;21.5
01.12.2020 03:22:05.466;2;46.060;40;21.5
01.12.2020 03:22:05.471;2;46.060;40;21.5
01.12.2020 03:22:05.479;2;46.100;40;21.5
01.12.2020 03:26:30.798;2;46.100;40;21.5
01.12.2020 03:26:30.810;2;46.100;40;21.5
01.12.2020 03:26:30.818;2;46.040;40;21.5
01.12.2020 03:30:56.130;2;46.040;40;21.5
01.12.2020 03:30:56.142;2;46.040;40;21.5
01.12.2020 03:30:56.152;2;46.200;40;21.5
01.12.2020 03:35:21.459;2;46.200;40;21.4
01.12.2020 03:35:21.469;2;46.200;40;21.4
01.12.2020 03:35:21.478;2;46.140;40;21.4
01.12.2020 03:39:46.791;2;46.140;40;21.4
01.12.2020 03:39:46.801;2;46.140;40;21.4
01.12.2020 03:39:46.809;2;46.260;40;21.4
01.12.2020 03:44:12.123;2;46.260;40;21.4
01.12.2020 03:44:12.128;2;46.260;40;21.4
01.12.2020 03:44:12.135;2;46.280;40;21.4
01.12.2020 03:48:37.456;2;46.280;40;21.4
01.12.2020 03:48:37.467;2;46.280;40;21.4
01.12.2020 03:48:37.475;2;46.060;40;21.4
01.12.2020 03:53:02.782;2;46.060;40;21.3
01.12.2020 03:53:02.787;2;46.060;40;21.3
01.12.2020 03:53:02.794;2;46.280;40;21.3
01.12.2020 03:57:28.091;2;46.280;40;21.2
01.12.2020 03:57:28.095;2;46.280;40;21.2
01.12.2020 03:57:28.103;2;46.620;40;21.2
01.12.2020 04:01:53.398;2;46.620;40;21
01.12.2020 04:01:53.403;2;46.620;41;21
01.12.2020 04:01:53.414;2;46.560;41;21
01.12.2020 04:06:18.708;2;46.560;41;20.9
01.12.2020 04:06:18.719;2;46.560;41;20.9
01.12.2020 04:06:18.726;2;46.520;41;20.9
01.12.2020 04:10:44.013;2;46.520;41;20.9
01.12.2020 04:10:44.023;2;46.520;41;20.9
01.12.2020 04:10:44.031;2;46.480;41;20.9
01.12.2020 04:15:09.317;2;46.480;41;20.9
01.12.2020 04:15:09.324;2;46.480;41;20.9
01.12.2020 04:15:09.328;2;46.460;41;20.9
01.12.2020 04:19:34.620;2;46.460;41;20.9
01.12.2020 04:19:34.631;2;46.460;41;20.9
01.12.2020 04:19:34.638;2;46.380;41;20.9
01.12.2020 04:23:59.918;2;46.380;41;20.9
01.12.2020 04:23:59.923;2;46.380;41;20.9
01.12.2020 04:23:59.931;2;46.220;41;20.9
01.12.2020 04:28:25.217;2;46.220;41;20.9
01.12.2020 04:28:25.227;2;46.220;41;20.9
01.12.2020 04:28:25.235;2;46.080;41;20.9
01.12.2020 04:32:50.521;2;46.080;41;20.9
01.12.2020 04:32:50.530;2;46.080;41;20.9
01.12.2020 04:32:50.538;2;45.900;41;20.9
01.12.2020 04:37:15.831;2;45.900;41;21.2
01.12.2020 04:37:15.836;2;45.900;41;21.2
01.12.2020 04:37:15.843;2;45.440;41;21.2
01.12.2020 04:41:41.146;2;45.440;41;21.3
01.12.2020 04:41:41.156;2;45.440;41;21.3
01.12.2020 04:41:41.166;2;45.540;41;21.3
01.12.2020 04:46:06.462;2;45.540;41;21.4
01.12.2020 04:46:06.473;2;45.540;41;21.4
01.12.2020 04:46:06.480;2;45.440;41;21.4
01.12.2020 04:50:31.784;2;45.440;41;21.4
01.12.2020 04:50:31.794;2;45.440;40;21.4
01.12.2020 04:50:31.801;2;45.340;40;21.4
01.12.2020 04:54:57.109;2;45.340;40;21.4
01.12.2020 04:54:57.119;2;45.340;40;21.4
01.12.2020 04:54:57.126;2;45.260;40;21.4
01.12.2020 04:59:22.439;2;45.260;40;21.4
01.12.2020 04:59:22.444;2;45.260;40;21.4
01.12.2020 04:59:22.453;2;45.200;40;21.4
01.12.2020 05:03:47.766;2;45.200;40;21.4
01.12.2020 05:03:47.774;2;45.200;40;21.4
01.12.2020 05:03:47.781;2;45.200;40;21.4
01.12.2020 05:08:13.086;2;45.200;40;21.4
01.12.2020 05:08:13.090;2;45.200;41;21.4
01.12.2020 05:08:13.096;2;45.280;41;21.4
01.12.2020 05:12:38.404;2;45.280;41;21.3
01.12.2020 05:12:38.408;2;45.280;40;21.3
01.12.2020 05:12:38.415;2;45.380;40;21.3
01.12.2020 05:17:03.713;2;45.380;40;21.2
01.12.2020 05:17:03.717;2;45.380;40;21.2
01.12.2020 05:17:03.722;2;45.300;40;21.2
01.12.2020 05:21:29.015;2;45.300;40;21.1
01.12.2020 05:21:29.023;2;45.300;41;21.1
01.12.2020 05:21:29.030;2;45.120;41;21.1
01.12.2020 05:25:54.323;2;45.120;41;21
01.12.2020 05:25:54.332;2;45.120;41;21
01.12.2020 05:25:54.338;2;45.080;41;21
01.12.2020 05:30:19.617;2;45.080;41;21
01.12.2020 05:30:19.625;2;45.080;41;21
01.12.2020 05:30:19.632;2;44.800;41;21
01.12.2020 05:34:44.924;2;44.800;41;21
01.12.2020 05:34:44.928;2;44.800;41;21
01.12.2020 05:34:44.933;2;44.600;41;21
01.12.2020 05:39:10.227;2;44.600;41;21
01.12.2020 05:39:10.237;2;44.600;41;21
01.12.2020 05:39:10.242;2;44.380;41;21
01.12.2020 05:43:35.524;2;44.380;41;21
01.12.2020 05:43:35.528;2;44.380;41;21
01.12.2020 05:43:35.533;2;44.200;41;21
01.12.2020 05:48:00.823;2;44.200;41;21
01.12.2020 05:48:00.826;2;44.200;41;21
01.12.2020 05:48:00.833;2;44.120;41;21
01.12.2020 05:52:26.143;2;44.120;41;20.9
01.12.2020 05:52:26.147;2;44.120;41;20.9
01.12.2020 05:52:26.153;2;44.060;41;20.9
01.12.2020 05:56:51.467;2;44.060;41;21
01.12.2020 05:56:51.470;2;44.060;41;21
01.12.2020 05:56:51.474;2;44.160;41;21
01.12.2020 06:01:16.788;2;44.160;41;21
01.12.2020 06:01:16.798;2;44.160;41;21
01.12.2020 06:01:16.803;2;44.300;41;21
01.12.2020 06:05:42.122;2;44.300;41;21
01.12.2020 06:05:42.125;2;44.300;41;21
01.12.2020 06:05:42.163;2;44.260;41;21
01.12.2020 06:10:07.442;2;44.260;41;21
01.12.2020 06:10:07.452;2;44.260;41;21
01.12.2020 06:10:07.457;2;44.160;41;21
01.12.2020 06:14:32.770;2;44.160;41;21
01.12.2020 06:14:32.772;2;44.160;41;21
01.12.2020 06:14:32.777;2;44.220;41;21
01.12.2020 06:18:58.097;2;44.220;41;21
01.12.2020 06:18:58.101;2;44.220;41;21
01.12.2020 06:18:58.107;2;44.080;41;21
01.12.2020 06:23:23.442;2;44.080;41;21.2
01.12.2020 06:23:23.446;2;44.080;41;21.2
01.12.2020 06:23:23.452;2;43.880;41;21.2
01.12.2020 06:27:48.780;2;43.880;41;21.3
01.12.2020 06:27:48.790;2;43.880;41;21.3
01.12.2020 06:27:48.796;2;43.920;41;21.3
01.12.2020 06:32:14.126;2;43.920;41;21.3
01.12.2020 06:32:14.128;2;43.920;41;21.3
01.12.2020 06:32:14.133;2;44.180;41;21.3
01.12.2020 06:36:39.460;2;44.180;41;21.2
01.12.2020 06:36:39.463;2;44.180;41;21.2
01.12.2020 06:36:39.468;2;44.360;41;21.2
01.12.2020 06:41:04.792;2;44.360;41;21.2
01.12.2020 06:41:04.796;2;44.360;41;21.2
01.12.2020 06:41:04.802;2;44.420;41;21.2
01.12.2020 06:45:30.122;2;44.420;41;21.2
01.12.2020 06:45:30.131;2;44.420;41;21.2
01.12.2020 06:45:30.137;2;44.520;41;21.2
01.12.2020 06:49:55.449;2;44.520;41;21.2
01.12.2020 06:49:55.457;2;44.520;41;21.2
01.12.2020 06:49:55.464;2;44.420;41;21.2
01.12.2020 06:54:20.780;2;44.420;41;21.2
01.12.2020 06:54:20.784;2;44.420;41;21.2
01.12.2020 06:54:20.789;2;44.440;41;21.2
01.12.2020 06:58:46.114;2;44.440;41;21.3
01.12.2020 06:58:46.124;2;44.440;41;21.3
01.12.2020 06:58:46.130;2;44.640;41;21.3
01.12.2020 07:03:11.454;2;44.640;41;21.2
01.12.2020 07:03:11.458;2;44.640;41;21.2
01.12.2020 07:03:11.465;2;44.600;41;21.2
01.12.2020 07:07:36.790;2;44.600;41;21.3
01.12.2020 07:07:36.798;2;44.600;41;21.3
01.12.2020 07:07:36.804;2;44.440;41;21.3
01.12.2020 07:16:27.482;2;44.440;41;21.4
01.12.2020 07:16:27.498;2;44.440;41;21.4
01.12.2020 07:16:27.503;2;44.220;41;21.4
01.12.2020 07:20:52.820;2;44.220;41;21.4
01.12.2020 07:20:52.824;2;44.220;41;21.4
01.12.2020 07:20:52.830;2;44.100;41;21.4
01.12.2020 07:25:18.164;2;44.100;41;21.4
01.12.2020 07:25:18.177;2;44.100;41;21.4
01.12.2020 07:25:18.183;2;44.000;41;21.4
01.12.2020 07:29:43.511;2;44.000;41;21.4
01.12.2020 07:29:43.514;2;44.000;41;21.4
01.12.2020 07:29:43.520;2;44.160;41;21.4
01.12.2020 07:34:08.843;2;44.160;41;21.3
01.12.2020 07:34:08.852;2;44.160;41;21.3
01.12.2020 07:34:08.857;2;44.300;41;21.3
01.12.2020 07:38:34.185;2;44.300;41;21.2
01.12.2020 07:38:34.188;2;44.300;41;21.2
01.12.2020 07:38:34.195;2;44.240;41;21.2
01.12.2020 07:42:59.419;2;44.240;41;21.1
01.12.2020 07:42:59.422;2;44.240;41;21.1
01.12.2020 07:42:59.428;2;44.260;41;21.1
01.12.2020 07:47:24.757;2;44.260;41;21.1
01.12.2020 07:47:24.760;2;44.260;41;21.1
01.12.2020 07:47:24.765;2;44.360;41;21.1
01.12.2020 07:51:50.091;2;44.360;41;21.1
01.12.2020 07:51:50.093;2;44.360;41;21.1
01.12.2020 07:51:50.099;2;44.320;41;21.1
01.12.2020 07:56:15.431;2;44.320;41;21.2
01.12.2020 07:56:15.435;2;44.320;41;21.2
01.12.2020 07:56:15.440;2;44.160;41;21.2
01.12.2020 08:00:40.773;2;44.160;41;21.3
01.12.2020 08:00:40.776;2;44.160;41;21.3
01.12.2020 08:00:40.781;2;44.400;41;21.3
01.12.2020 08:05:06.096;2;44.400;41;21.2
01.12.2020 08:05:06.106;2;44.400;41;21.2
01.12.2020 08:05:06.112;2;44.640;41;21.2
01.12.2020 08:09:31.438;2;44.640;41;21.2
01.12.2020 08:09:31.441;2;44.640;41;21.2
01.12.2020 08:09:31.446;2;44.780;41;21.2
01.12.2020 08:13:56.781;2;44.780;41;21.1
01.12.2020 08:13:56.784;2;44.780;41;21.1
01.12.2020 08:13:56.790;2;44.640;41;21.1
01.12.2020 08:18:22.076;2;44.640;41;21.2
01.12.2020 08:18:22.084;2;44.640;42;21.2
01.12.2020 08:18:22.090;2;46.120;42;21.2
01.12.2020 08:22:47.162;2;46.120;42;19.7
01.12.2020 08:22:47.171;2;46.120;41;19.7
01.12.2020 08:22:47.176;2;48.820;41;19.7
01.12.2020 08:27:12.124;2;48.820;41;18.1
01.12.2020 08:27:12.128;2;48.820;44;18.1
01.12.2020 08:27:12.133;2;50.620;44;18.1
01.12.2020 08:31:37.033;2;50.620;44;17.2
01.12.2020 08:31:37.043;2;50.620;45;17.2
01.12.2020 08:31:37.048;2;52.120;45;17.2
01.12.2020 08:36:02.049;2;52.120;45;16.9
01.12.2020 08:36:02.053;2;52.120;46;16.9
01.12.2020 08:36:02.059;2;53.060;46;16.9
01.12.2020 08:40:27.157;2;53.060;46;18
01.12.2020 08:40:27.161;2;53.060;44;18
01.12.2020 08:40:27.166;2;53.660;44;18
01.12.2020 08:49:17.387;2;53.660;44;18.9
01.12.2020 08:49:17.398;2;53.660;43;18.9
01.12.2020 08:49:17.403;2;54.600;43;18.9
01.12.2020 08:53:42.373;2;54.600;43;19
01.12.2020 08:53:42.382;2;54.600;43;19
01.12.2020 08:53:42.387;2;54.640;43;19
01.12.2020 08:58:07.494;2;54.640;43;18.8
01.12.2020 08:58:07.497;2;54.640;44;18.8
01.12.2020 08:58:07.503;2;55.040;44;18.8
01.12.2020 09:02:32.625;2;55.040;44;19.1
01.12.2020 09:02:32.628;2;55.040;43;19.1
01.12.2020 09:02:32.632;2;55.380;43;19.1
01.12.2020 09:06:57.745;2;55.380;43;19.4
01.12.2020 09:06:57.762;2;55.380;43;19.4
01.12.2020 09:06:57.767;2;55.940;43;19.4
01.12.2020 09:11:22.830;2;55.940;43;19.3
01.12.2020 09:11:22.839;2;55.940;43;19.3
01.12.2020 09:11:22.844;2;56.460;43;19.3
01.12.2020 09:15:47.932;2;56.460;43;19.2
01.12.2020 09:15:47.941;2;56.460;43;19.2
01.12.2020 09:15:47.946;2;56.560;43;19.2
01.12.2020 09:20:13.044;2;56.560;43;19.3
01.12.2020 09:20:13.047;2;56.560;43;19.3
01.12.2020 09:20:13.052;2;56.820;43;19.3
01.12.2020 09:24:38.156;2;56.820;43;19.5
01.12.2020 09:24:38.160;2;56.820;43;19.5
01.12.2020 09:24:38.163;2;57.180;43;19.5
01.12.2020 09:29:03.274;2;57.180;43;19.6
01.12.2020 09:29:03.278;2;57.180;43;19.6
01.12.2020 09:29:03.283;2;57.140;43;19.6
01.12.2020 09:33:28.395;2;57.140;43;19.6
01.12.2020 09:33:28.404;2;57.140;43;19.6
01.12.2020 09:33:28.409;2;57.160;43;19.6
01.12.2020 09:37:53.516;2;57.160;43;19.6
01.12.2020 09:37:53.520;2;57.160;43;19.6
01.12.2020 09:37:53.524;2;56.860;43;19.6
01.12.2020 09:42:18.662;2;56.860;43;18.9
01.12.2020 09:42:18.664;2;56.860;45;18.9
01.12.2020 09:42:18.668;2;55.740;45;18.9
01.12.2020 09:46:43.851;2;55.740;45;19.5
01.12.2020 09:46:43.859;2;55.740;44;19.5
01.12.2020 09:46:43.864;2;54.860;44;19.5
01.12.2020 09:51:09.084;2;54.860;44;20
01.12.2020 09:51:09.087;2;54.860;43;20
01.12.2020 09:51:09.093;2;54.520;43;20
01.12.2020 09:55:34.338;2;54.520;43;20.5
01.12.2020 09:55:34.340;2;54.520;42;20.5
01.12.2020 09:55:34.345;2;54.380;42;20.5
01.12.2020 09:59:59.672;2;54.380;42;20.8
01.12.2020 09:59:59.682;2;54.380;42;20.8
01.12.2020 09:59:59.686;2;54.360;42;20.8
01.12.2020 10:04:24.961;2;54.360;42;20.9
01.12.2020 10:04:24.964;2;54.360;42;20.9
01.12.2020 10:04:24.969;2;54.400;42;20.9
01.12.2020 10:08:50.252;2;54.400;42;21
01.12.2020 10:08:50.255;2;54.400;41;21
01.12.2020 10:08:50.259;2;54.480;41;21
01.12.2020 10:13:15.546;2;54.480;41;21.1
01.12.2020 10:13:15.556;2;54.480;41;21.1
01.12.2020 10:13:15.562;2;54.520;41;21.1
01.12.2020 10:17:40.842;2;54.520;41;21
01.12.2020 10:17:40.851;2;54.520;42;21
01.12.2020 10:17:40.856;2;54.640;42;21
01.12.2020 10:22:06.147;2;54.640;42;20.9
01.12.2020 10:22:06.157;2;54.640;42;20.9
01.12.2020 10:22:06.162;2;54.700;42;20.9
01.12.2020 10:26:31.455;2;54.700;42;21
01.12.2020 10:26:31.458;2;54.700;42;21
01.12.2020 10:26:31.464;2;54.700;42;21
01.12.2020 10:30:56.761;2;54.700;42;21
01.12.2020 10:30:56.764;2;54.700;42;21
01.12.2020 10:30:56.769;2;54.680;42;21
01.12.2020 10:35:22.071;2;54.680;42;21
01.12.2020 10:35:22.073;2;54.680;42;21
01.12.2020 10:35:22.079;2;54.580;42;21
01.12.2020 10:39:47.382;2;54.580;42;21.1
01.12.2020 10:39:47.385;2;54.580;42;21.1
01.12.2020 10:39:47.390;2;54.480;42;21.1
01.12.2020 10:44:12.705;2;54.480;42;21.2
01.12.2020 10:44:12.714;2;54.480;42;21.2
01.12.2020 10:44:12.719;2;54.500;42;21.2
01.12.2020 10:48:38.040;2;54.500;42;21.3
01.12.2020 10:48:38.044;2;54.500;41;21.3
01.12.2020 10:48:38.049;2;54.620;41;21.3
01.12.2020 10:53:03.379;2;54.620;41;21.3
01.12.2020 10:53:03.383;2;54.620;41;21.3
01.12.2020 10:53:03.388;2;54.740;41;21.3
01.12.2020 10:57:28.716;2;54.740;41;21.4
01.12.2020 10:57:28.719;2;54.740;41;21.4
01.12.2020 10:57:28.725;2;54.760;41;21.4
01.12.2020 11:01:54.061;2;54.760;41;21.4
01.12.2020 11:01:54.063;2;54.760;41;21.4
01.12.2020 11:01:54.068;2;54.780;41;21.4
01.12.2020 11:06:19.472;2;54.780;41;21.5
01.12.2020 11:06:19.475;2;54.780;41;21.5
01.12.2020 11:06:19.481;2;54.860;41;21.5
01.12.2020 11:10:44.829;2;54.860;41;21.6
01.12.2020 11:10:44.838;2;54.860;41;21.6
01.12.2020 11:10:44.843;2;54.840;41;21.6
01.12.2020 11:15:10.183;2;54.840;41;21.6
01.12.2020 11:15:10.192;2;54.840;41;21.6
01.12.2020 11:15:10.198;2;54.960;41;21.6
01.12.2020 11:19:35.550;2;54.960;41;21.6
01.12.2020 11:19:35.553;2;54.960;41;21.6
01.12.2020 11:19:35.558;2;55.000;41;21.6
01.12.2020 11:24:00.913;2;55.000;41;21.6
01.12.2020 11:24:00.916;2;55.000;41;21.6
01.12.2020 11:24:00.921;2;55.220;41;21.6
01.12.2020 11:28:26.288;2;55.220;41;21.6
01.12.2020 11:28:26.292;2;55.220;41;21.6
01.12.2020 11:28:26.297;2;55.400;41;21.6
01.12.2020 11:32:51.659;2;55.400;41;21.7
01.12.2020 11:32:51.668;2;55.400;41;21.7
01.12.2020 11:32:51.673;2;55.420;41;21.7
01.12.2020 11:37:17.010;2;55.420;41;21.7
01.12.2020 11:37:17.019;2;55.420;41;21.7
01.12.2020 11:37:17.025;2;55.560;41;21.7
01.12.2020 11:41:42.354;2;55.560;41;21.6
01.12.2020 11:41:42.364;2;55.560;41;21.6
01.12.2020 11:41:42.369;2;55.560;41;21.6
01.12.2020 11:46:07.715;2;55.560;41;21.6
01.12.2020 11:46:07.717;2;55.560;42;21.6
01.12.2020 11:46:07.722;2;55.620;42;21.6
01.12.2020 11:50:33.075;2;55.620;42;21.6
01.12.2020 11:50:33.078;2;55.620;42;21.6
01.12.2020 11:50:33.084;2;55.720;42;21.6
01.12.2020 11:54:58.430;2;55.720;42;21.6
01.12.2020 11:54:58.433;2;55.720;42;21.6
01.12.2020 11:54:58.438;2;55.760;42;21.6
01.12.2020 11:59:23.791;2;55.760;42;21.6
01.12.2020 11:59:23.793;2;55.760;42;21.6
01.12.2020 11:59:23.798;2;55.780;42;21.6
01.12.2020 12:03:49.152;2;55.780;42;21.6
01.12.2020 12:03:49.161;2;55.780;42;21.6
01.12.2020 12:03:49.165;2;55.800;42;21.6
01.12.2020 12:12:39.941;2;55.800;42;21.6
01.12.2020 12:12:39.945;2;55.800;42;21.6
01.12.2020 12:12:39.951;2;55.740;42;21.6
01.12.2020 12:17:05.309;2;55.740;42;21.5
01.12.2020 12:17:05.312;2;55.740;42;21.5
01.12.2020 12:17:05.318;2;55.880;42;21.5
01.12.2020 12:21:30.686;2;55.880;42;21.6
01.12.2020 12:21:30.689;2;55.880;42;21.6
01.12.2020 12:21:30.695;2;56.080;42;21.6
01.12.2020 12:25:56.051;2;56.080;42;21.6
01.12.2020 12:25:56.054;2;56.080;42;21.6
01.12.2020 12:25:56.059;2;56.020;42;21.6
01.12.2020 12:30:21.396;2;56.020;42;21.6
01.12.2020 12:30:21.400;2;56.020;42;21.6
01.12.2020 12:30:21.405;2;56.020;42;21.6
01.12.2020 12:34:46.742;2;56.020;42;21.6
01.12.2020 12:34:46.751;2;56.020;42;21.6
01.12.2020 12:34:46.756;2;56.020;42;21.6
01.12.2020 12:39:12.086;2;56.020;42;21.6
01.12.2020 12:39:12.089;2;56.020;42;21.6
01.12.2020 12:39:12.095;2;55.900;42;21.6
01.12.2020 12:43:37.442;2;55.900;42;21.6
01.12.2020 12:43:37.446;2;55.900;42;21.6
01.12.2020 12:43:37.451;2;55.800;42;21.6
01.12.2020 12:48:02.800;2;55.800;42;21.6
01.12.2020 12:48:02.809;2;55.800;42;21.6
01.12.2020 12:48:02.814;2;55.740;42;21.6
01.12.2020 12:52:28.149;2;55.740;42;21.7
01.12.2020 12:52:28.158;2;55.740;42;21.7
01.12.2020 12:52:28.164;2;55.580;42;21.7
01.12.2020 12:56:53.504;2;55.580;42;21.7
01.12.2020 12:56:53.508;2;55.580;42;21.7
01.12.2020 12:56:53.513;2;55.480;42;21.7
01.12.2020 13:01:18.852;2;55.480;42;21.7
01.12.2020 13:01:18.860;2;55.480;42;21.7
01.12.2020 13:01:18.865;2;55.220;42;21.7
01.12.2020 13:05:44.215;2;55.220;42;21.8
01.12.2020 13:05:44.218;2;55.220;43;21.8
01.12.2020 13:05:44.224;2;54.900;43;21.8
01.12.2020 13:10:09.574;2;54.900;43;21.9
01.12.2020 13:10:09.582;2;54.900;43;21.9
01.12.2020 13:10:09.587;2;54.580;43;21.9
01.12.2020 13:14:34.935;2;54.580;43;21.9
01.12.2020 13:14:34.944;2;54.580;43;21.9
01.12.2020 13:14:34.949;2;53.920;43;21.9
01.12.2020 13:19:00.373;2;53.920;43;21.8
01.12.2020 13:19:00.388;2;53.920;44;21.8
01.12.2020 13:19:00.394;2;53.180;44;21.8
01.12.2020 13:23:25.765;2;53.180;44;21.9
01.12.2020 13:23:25.774;2;53.180;45;21.9
01.12.2020 13:23:25.779;2;52.180;45;21.9
01.12.2020 13:27:51.152;2;52.180;45;22
01.12.2020 13:27:51.155;2;52.180;45;22
01.12.2020 13:27:51.160;2;51.740;45;22
01.12.2020 13:32:16.441;2;51.740;45;21.7
01.12.2020 13:32:16.450;2;51.740;43;21.7
01.12.2020 13:32:16.455;2;53.040;43;21.7
01.12.2020 13:36:41.720;2;53.040;43;20.1
01.12.2020 13:36:41.722;2;53.040;46;20.1
01.12.2020 13:36:41.727;2;52.820;46;20.1
01.12.2020 13:41:07.034;2;52.820;46;20.7
01.12.2020 13:41:07.042;2;52.820;46;20.7
01.12.2020 13:41:07.047;2;52.580;46;20.7
01.12.2020 13:45:32.371;2;52.580;46;21.1
01.12.2020 13:45:32.380;2;52.580;46;21.1
01.12.2020 13:45:32.385;2;52.160;46;21.1
01.12.2020 13:49:57.730;2;52.160;46;21.4
01.12.2020 13:49:57.733;2;52.160;46;21.4
01.12.2020 13:49:57.739;2;51.700;46;21.4
01.12.2020 13:54:23.092;2;51.700;46;21.6
01.12.2020 13:54:23.094;2;51.700;46;21.6
01.12.2020 13:54:23.099;2;51.280;46;21.6
01.12.2020 13:58:48.455;2;51.280;46;21.8
01.12.2020 13:58:48.457;2;51.280;46;21.8
01.12.2020 13:58:48.462;2;51.040;46;21.8
01.12.2020 14:03:13.823;2;51.040;46;21.9
01.12.2020 14:03:13.825;2;51.040;45;21.9
01.12.2020 14:03:13.830;2;51.000;45;21.9
01.12.2020 14:07:39.198;2;51.000;45;22
01.12.2020 14:07:39.207;2;51.000;45;22
01.12.2020 14:07:39.212;2;50.980;45;22
01.12.2020 14:12:04.579;2;50.980;45;22
01.12.2020 14:12:04.582;2;50.980;45;22
01.12.2020 14:12:04.587;2;51.160;45;22
01.12.2020 14:16:29.874;2;51.160;45;22
01.12.2020 14:16:29.878;2;51.160;44;22
01.12.2020 14:16:29.883;2;52.020;44;22
01.12.2020 14:20:54.982;2;52.020;44;19.7
01.12.2020 14:20:54.985;2;52.020;48;19.7
01.12.2020 14:20:54.990;2;51.840;48;19.7
01.12.2020 14:25:20.260;2;51.840;48;19.3
01.12.2020 14:25:20.264;2;51.840;50;19.3
01.12.2020 14:25:20.269;2;51.440;50;19.3
01.12.2020 14:29:45.543;2;51.440;50;20.3
01.12.2020 14:29:45.553;2;51.440;47;20.3
01.12.2020 14:29:45.559;2;51.420;47;20.3
01.12.2020 14:34:10.850;2;51.420;47;20.8
01.12.2020 14:34:10.854;2;51.420;46;20.8
01.12.2020 14:34:10.859;2;51.520;46;20.8
01.12.2020 14:38:36.166;2;51.520;46;21.1
01.12.2020 14:38:36.169;2;51.520;46;21.1
01.12.2020 14:38:36.177;2;51.660;46;21.1
01.12.2020 14:43:01.490;2;51.660;46;21.2
01.12.2020 14:43:01.498;2;51.660;45;21.2
01.12.2020 14:43:01.503;2;51.820;45;21.2
01.12.2020 14:47:26.702;2;51.820;45;21.3
01.12.2020 14:47:26.705;2;51.820;45;21.3
01.12.2020 14:47:26.711;2;51.920;45;21.3
01.12.2020 14:51:52.019;2;51.920;45;21.3
01.12.2020 14:51:52.028;2;51.920;45;21.3
01.12.2020 14:51:52.034;2;51.900;45;21.3
01.12.2020 14:56:17.350;2;51.900;45;21.4
01.12.2020 14:56:17.353;2;51.900;45;21.4
01.12.2020 14:56:17.358;2;51.840;45;21.4
01.12.2020 15:00:42.677;2;51.840;45;21.4
01.12.2020 15:00:42.680;2;51.840;45;21.4
01.12.2020 15:00:42.688;2;51.800;45;21.4
01.12.2020 15:05:08.003;2;51.800;45;21.4
01.12.2020 15:05:08.013;2;51.800;45;21.4
01.12.2020 15:05:08.021;2;52.240;45;21.4
01.12.2020 15:09:33.246;2;52.240;45;21.1
01.12.2020 15:09:33.255;2;52.240;44;21.1
01.12.2020 15:09:33.262;2;53.800;44;21.1
01.12.2020 15:13:58.452;2;53.800;44;19.8
01.12.2020 15:13:58.461;2;53.800;45;19.8
01.12.2020 15:13:58.467;2;54.320;45;19.8
01.12.2020 15:18:23.716;2;54.320;45;20.2
01.12.2020 15:18:23.719;2;54.320;45;20.2
01.12.2020 15:18:23.725;2;54.560;45;20.2
01.12.2020 15:22:48.997;2;54.560;45;20.7
01.12.2020 15:22:49.001;2;54.560;45;20.7
01.12.2020 15:22:49.006;2;54.740;45;20.7
01.12.2020 15:27:14.302;2;54.740;45;20.9
01.12.2020 15:27:14.306;2;54.740;44;20.9
01.12.2020 15:27:14.310;2;54.820;44;20.9
01.12.2020 15:31:39.665;2;54.820;44;21
01.12.2020 15:31:39.673;2;54.820;44;21
01.12.2020 15:31:39.679;2;54.960;44;21
01.12.2020 15:36:04.980;2;54.960;44;21
01.12.2020 15:36:04.988;2;54.960;44;21
01.12.2020 15:36:04.993;2;54.860;44;21
01.12.2020 15:40:30.295;2;54.860;44;21.1
01.12.2020 15:40:30.298;2;54.860;44;21.1
01.12.2020 15:40:30.303;2;54.840;44;21.1
01.12.2020 15:44:55.617;2;54.840;44;21.2
01.12.2020 15:44:55.620;2;54.840;44;21.2
01.12.2020 15:44:55.626;2;54.760;44;21.2
01.12.2020 15:49:20.945;2;54.760;44;21.3
01.12.2020 15:49:20.954;2;54.760;44;21.3
01.12.2020 15:49:20.959;2;54.760;44;21.3
01.12.2020 15:53:46.281;2;54.760;44;21.4
01.12.2020 15:53:46.290;2;54.760;44;21.4
01.12.2020 15:53:46.296;2;54.600;44;21.4
01.12.2020 15:58:11.625;2;54.600;44;21.4
01.12.2020 15:58:11.629;2;54.600;44;21.4
01.12.2020 15:58:11.634;2;54.600;44;21.4
01.12.2020 16:02:36.973;2;54.600;44;21.6
01.12.2020 16:02:36.977;2;54.600;44;21.6
01.12.2020 16:02:36.983;2;54.540;44;21.6
01.12.2020 16:07:02.333;2;54.540;44;21.8
01.12.2020 16:07:02.342;2;54.540;43;21.8
01.12.2020 16:07:02.348;2;54.480;43;21.8
01.12.2020 16:11:27.701;2;54.480;43;21.8
01.12.2020 16:11:27.712;2;54.480;43;21.8
01.12.2020 16:11:27.717;2;54.500;43;21.8
01.12.2020 16:15:53.077;2;54.500;43;21.9
01.12.2020 16:15:53.087;2;54.500;43;21.9
01.12.2020 16:15:53.092;2;54.480;43;21.9
01.12.2020 16:20:18.452;2;54.480;43;21.9
01.12.2020 16:20:18.461;2;54.480;43;21.9
01.12.2020 16:20:18.467;2;54.520;43;21.9
01.12.2020 16:24:43.816;2;54.520;43;21.9
01.12.2020 16:24:43.820;2;54.520;43;21.9
01.12.2020 16:24:43.826;2;54.560;43;21.9
01.12.2020 16:29:09.182;2;54.560;43;21.8
01.12.2020 16:29:09.194;2;54.560;43;21.8
01.12.2020 16:29:09.199;2;54.460;43;21.8
01.12.2020 16:33:34.547;2;54.460;43;21.8
01.12.2020 16:33:34.549;2;54.460;43;21.8
01.12.2020 16:33:34.554;2;54.440;43;21.8
01.12.2020 16:37:59.967;2;54.440;43;21.8
01.12.2020 16:37:59.971;2;54.440;43;21.8
01.12.2020 16:37:59.977;2;54.360;43;21.8
01.12.2020 16:42:25.324;2;54.360;43;21.8
01.12.2020 16:42:25.334;2;54.360;43;21.8
01.12.2020 16:42:25.340;2;54.340;43;21.8
01.12.2020 16:46:50.688;2;54.340;43;21.8
01.12.2020 16:46:50.691;2;54.340;43;21.8
01.12.2020 16:46:50.696;2;54.280;43;21.8
01.12.2020 16:51:16.053;2;54.280;43;21.7
01.12.2020 16:51:16.067;2;54.280;43;21.7
01.12.2020 16:51:16.071;2;54.200;43;21.7
01.12.2020 16:55:41.410;2;54.200;43;21.7
01.12.2020 16:55:41.413;2;54.200;43;21.7
01.12.2020 16:55:41.418;2;54.200;43;21.7
01.12.2020 17:04:32.124;2;54.200;43;21.7
01.12.2020 17:04:32.132;2;54.200;43;21.7
01.12.2020 17:04:32.137;2;54.060;43;21.7
01.12.2020 17:08:57.482;2;54.060;43;21.6
01.12.2020 17:08:57.483;2;54.060;43;21.6
01.12.2020 17:08:57.486;2;54.040;43;21.6
01.12.2020 17:13:22.837;2;54.040;43;21.6
01.12.2020 17:13:22.841;2;54.040;43;21.6
01.12.2020 17:13:22.846;2;53.900;43;21.6
01.12.2020 17:17:48.182;2;53.900;43;21.6
01.12.2020 17:17:48.191;2;53.900;43;21.6
01.12.2020 17:17:48.197;2;53.800;43;21.6
01.12.2020 17:22:13.521;2;53.800;43;21.6
01.12.2020 17:22:13.524;2;53.800;43;21.6
01.12.2020 17:22:13.531;2;53.840;43;21.6
01.12.2020 17:26:38.858;2;53.840;43;21.5
01.12.2020 17:26:38.867;2;53.840;43;21.5
01.12.2020 17:26:38.872;2;53.800;43;21.5
01.12.2020 17:31:04.192;2;53.800;43;21.5
01.12.2020 17:31:04.201;2;53.800;43;21.5
01.12.2020 17:31:04.206;2;53.720;43;21.5
01.12.2020 17:35:29.532;2;53.720;43;21.5
01.12.2020 17:35:29.535;2;53.720;43;21.5
01.12.2020 17:35:29.540;2;53.560;43;21.5
01.12.2020 17:39:54.864;2;53.560;43;21.5
01.12.2020 17:39:54.867;2;53.560;44;21.5
01.12.2020 17:39:54.872;2;53.280;44;21.5
01.12.2020 17:44:20.264;2;53.280;44;21.6
01.12.2020 17:44:20.271;2;53.280;44;21.6
01.12.2020 17:44:20.282;2;53.040;44;21.6
01.12.2020 17:48:45.601;2;53.040;44;21.6
01.12.2020 17:48:45.610;2;53.040;44;21.6
01.12.2020 17:48:45.615;2;52.600;44;21.6
01.12.2020 17:53:10.944;2;52.600;44;21.6
01.12.2020 17:53:10.947;2;52.600;44;21.6
01.12.2020 17:53:10.952;2;52.160;44;21.6
01.12.2020 17:57:36.279;2;52.160;44;21.6
01.12.2020 17:57:36.288;2;52.160;44;21.6
01.12.2020 17:57:36.293;2;51.880;44;21.6
01.12.2020 18:02:01.622;2;51.880;44;21.6
01.12.2020 18:02:01.630;2;51.880;44;21.6
01.12.2020 18:02:01.635;2;51.600;44;21.6
01.12.2020 18:06:26.964;2;51.600;44;21.6
01.12.2020 18:06:26.967;2;51.600;44;21.6
01.12.2020 18:06:26.972;2;51.500;44;21.6
01.12.2020 18:10:52.293;2;51.500;44;21.6
01.12.2020 18:10:52.303;2;51.500;44;21.6
01.12.2020 18:10:52.308;2;51.300;44;21.6
01.12.2020 18:15:17.636;2;51.300;44;21.6
01.12.2020 18:15:17.639;2;51.300;44;21.6
01.12.2020 18:15:17.644;2;51.120;44;21.6
01.12.2020 18:19:42.971;2;51.120;44;21.6
01.12.2020 18:19:42.973;2;51.120;44;21.6
01.12.2020 18:19:42.978;2;50.880;44;21.6
01.12.2020 18:24:08.313;2;50.880;44;21.6
01.12.2020 18:24:08.322;2;50.880;44;21.6
01.12.2020 18:24:08.333;2;50.700;44;21.6
01.12.2020 18:28:33.663;2;50.700;44;21.6
01.12.2020 18:28:33.672;2;50.700;44;21.6
01.12.2020 18:28:33.677;2;50.420;44;21.6
01.12.2020 18:32:59.011;2;50.420;44;21.6
01.12.2020 18:32:59.020;2;50.420;44;21.6
01.12.2020 18:32:59.025;2;50.300;44;21.6
01.12.2020 18:37:24.353;2;50.300;44;21.6
01.12.2020 18:37:24.356;2;50.300;44;21.6
01.12.2020 18:37:24.361;2;50.160;44;21.6
01.12.2020 18:41:49.693;2;50.160;44;21.6
01.12.2020 18:41:49.697;2;50.160;44;21.6
01.12.2020 18:41:49.703;2;50.060;44;21.6
01.12.2020 18:46:15.033;2;50.060;44;21.6
01.12.2020 18:46:15.037;2;50.060;44;21.6
01.12.2020 18:46:15.042;2;50.140;44;21.6
01.12.2020 18:50:40.432;2;50.140;44;21.6
01.12.2020 18:50:40.441;2;50.140;44;21.6
01.12.2020 18:50:40.446;2;50.120;44;21.6
01.12.2020 18:55:05.771;2;50.120;44;21.6
01.12.2020 18:55:05.780;2;50.120;44;21.6
01.12.2020 18:55:05.785;2;50.260;44;21.6
01.12.2020 18:59:31.097;2;50.260;44;21.5
01.12.2020 18:59:31.106;2;50.260;43;21.5
01.12.2020 18:59:31.111;2;51.520;43;21.5
01.12.2020 19:03:56.374;2;51.520;43;21
01.12.2020 19:03:56.383;2;51.520;42;21
01.12.2020 19:03:56.388;2;53.540;42;21
01.12.2020 19:08:21.620;2;53.540;42;20.6
01.12.2020 19:08:21.622;2;53.540;42;20.6
01.12.2020 19:08:21.628;2;55.180;42;20.6
01.12.2020 19:12:46.836;2;55.180;42;20.3
01.12.2020 19:12:46.845;2;55.180;42;20.3
01.12.2020 19:12:46.850;2;56.580;42;20.3
01.12.2020 19:17:12.017;2;56.580;42;19.8
01.12.2020 19:17:12.026;2;56.580;43;19.8
01.12.2020 19:17:12.031;2;57.860;43;19.8
01.12.2020 19:21:37.157;2;57.860;43;19.4
01.12.2020 19:21:37.160;2;57.860;43;19.4
01.12.2020 19:21:37.165;2;58.700;43;19.4
01.12.2020 19:26:02.290;2;58.700;43;19.2
01.12.2020 19:26:02.292;2;58.700;44;19.2
01.12.2020 19:26:02.296;2;58.960;44;19.2
01.12.2020 19:30:27.476;2;58.960;44;19.5
01.12.2020 19:30:27.492;2;58.960;44;19.5
01.12.2020 19:30:27.497;2;59.100;44;19.5
01.12.2020 19:34:52.703;2;59.100;44;20
01.12.2020 19:34:52.713;2;59.100;43;20
01.12.2020 19:34:52.717;2;59.180;43;20
01.12.2020 19:39:17.943;2;59.180;43;20.3
01.12.2020 19:39:17.945;2;59.180;43;20.3
01.12.2020 19:39:17.950;2;59.160;43;20.3
01.12.2020 19:43:43.200;2;59.160;43;20.6
01.12.2020 19:43:43.208;2;59.160;43;20.6
01.12.2020 19:43:43.213;2;59.020;43;20.6
01.12.2020 19:48:08.475;2;59.020;43;20.8
01.12.2020 19:48:08.478;2;59.020;43;20.8
01.12.2020 19:48:08.482;2;58.880;43;20.8
01.12.2020 19:52:33.760;2;58.880;43;21
01.12.2020 19:52:33.770;2;58.880;43;21
01.12.2020 19:52:33.774;2;58.820;43;21
01.12.2020 19:56:59.122;2;58.820;43;21.2
01.12.2020 19:56:59.125;2;58.820;43;21.2
01.12.2020 19:56:59.130;2;58.820;43;21.2
01.12.2020 20:01:24.426;2;58.820;43;21.2
01.12.2020 20:01:24.429;2;58.820;42;21.2
01.12.2020 20:01:24.434;2;58.780;42;21.2
01.12.2020 20:05:49.724;2;58.780;42;21.1
01.12.2020 20:05:49.727;2;58.780;42;21.1
01.12.2020 20:05:49.732;2;58.860;42;21.1
01.12.2020 20:10:15.023;2;58.860;42;21.1
01.12.2020 20:10:15.031;2;58.860;42;21.1
01.12.2020 20:10:15.036;2;58.920;42;21.1
01.12.2020 20:14:40.333;2;58.920;42;21.2
01.12.2020 20:14:40.337;2;58.920;42;21.2
01.12.2020 20:14:40.342;2;58.820;42;21.2
01.12.2020 20:19:05.640;2;58.820;42;21.3
01.12.2020 20:19:05.643;2;58.820;42;21.3
01.12.2020 20:19:05.648;2;58.840;42;21.3
01.12.2020 20:23:30.954;2;58.840;42;21.3
01.12.2020 20:23:30.956;2;58.840;42;21.3
01.12.2020 20:23:30.961;2;58.800;42;21.3
01.12.2020 20:27:56.272;2;58.800;42;21.2
01.12.2020 20:27:56.281;2;58.800;42;21.2
01.12.2020 20:27:56.286;2;58.660;42;21.2
01.12.2020 20:32:21.591;2;58.660;42;21.3
01.12.2020 20:32:21.600;2;58.660;42;21.3
01.12.2020 20:32:21.605;2;58.500;42;21.3
01.12.2020 20:36:46.910;2;58.500;42;21.3
01.12.2020 20:36:46.913;2;58.500;42;21.3
01.12.2020 20:36:46.918;2;58.360;42;21.3
01.12.2020 20:41:12.125;2;58.360;42;21.3
01.12.2020 20:41:12.134;2;58.360;42;21.3
01.12.2020 20:41:12.140;2;58.220;42;21.3
01.12.2020 20:45:37.450;2;58.220;42;21.4
01.12.2020 20:45:37.460;2;58.220;42;21.4
01.12.2020 20:45:37.463;2;58.000;42;21.4
01.12.2020 20:50:02.776;2;58.000;42;21.4
01.12.2020 20:50:02.786;2;58.000;42;21.4
01.12.2020 20:50:02.790;2;57.800;42;21.4
01.12.2020 20:50:03.616;2;57.800;42;21.4
